Actual_Churn,Predicted_Churn,Churn_Probability,Risk_Segment,gender,SeniorCitizen,Partner,Dependents,tenure,PhoneService,MultipleLines,InternetService,OnlineSecurity,OnlineBackup,DeviceProtection,TechSupport,StreamingTV,StreamingMovies,Contract,PaperlessBilling,PaymentMethod,MonthlyCharges,TotalCharges,TenureGroup,AvgMonthlyCharges,HasMultipleServices,HasPhoneAndInternet
0,0,0.13122063468527215,Low Risk,1,-0.43991649313097614,1,1,1.6137012404433893,1,2,1,2,2,2,2,2,2,2,0.8297975015331794,1,1.638143232244832,2.731118678947987,3,0.8986146847223953,0.8106642156825693,0.6757737149030568
0,1,0.818772474080002,High Risk,0,2.273158691738958,0,0,-0.9924020376385531,1,2,1,0,0,0,2,2,2,0,0.8297975015331794,1,1.1761636661986499,-0.606313682541679,0,0.6519107070527682,0.8106642156825693,0.6757737149030568
0,0,0.1917446109423976,Low Risk,0,-0.43991649313097614,1,1,0.35136996512244845,1,2,0,2,2,2,0,2,0,1,0.8297975015331794,1,0.4516201741262198,0.41025965447579904,2,0.2504897437188419,0.8106642156825693,0.6757737149030568
0,1,0.5103634174186659,Medium Risk,1,-0.43991649313097614,1,0,-0.5851984004382496,1,0,1,0,0,2,2,0,0,0,-1.2051132934870794,2,0.44663478312572175,-0.3589967288590997,1,0.2643467182324795,0.8106642156825693,0.6757737149030568
0,0,0.08151479666991734,Low Risk,0,-0.43991649313097614,1,0,1.6137012404433893,1,2,0,2,2,2,0,2,2,2,0.8297975015331794,1,0.5945347161405068,1.605853028477008,3,0.32636967085951313,0.8106642156825693,0.6757737149030568
0,1,0.8307470984366888,High Risk,0,-0.43991649313097614,0,0,-0.46303730927815856,1,2,1,0,2,0,0,2,2,0,0.8297975015331794,1,1.1661928841976528,-0.12774963792919072,1,0.4817971465551107,0.8106642156825693,0.6757737149030568
0,1,0.7122461355996392,High Risk,0,-0.43991649313097614,0,0,-0.46303730927815856,1,0,1,0,2,0,2,2,2,0,0.8297975015331794,0,1.1429277261953275,-0.1437091307453728,1,0.4548665347224404,0.8106642156825693,0.6757737149030568
0,0,0.31187308932163477,Medium Risk,1,-0.43991649313097614,0,1,-0.5444780367182193,1,2,2,1,1,1,1,1,1,0,0.8297975015331794,1,-1.3514295710540236,-0.8135222013044755,1,-0.6426806796852192,-1.2335563611353098,-1.4797852860309242
0,0,0.011053023699158117,Low Risk,0,-0.43991649313097614,1,1,1.1657772395230555,1,0,2,1,1,1,1,1,1,2,-1.2051132934870794,1,-1.4960059100684764,-0.428375270935532,3,-0.6558767155300915,-1.2335563611353098,-1.4797852860309242
1,1,0.5579733596693729,Medium Risk,1,2.273158691738958,0,0,-0.62591876415828,1,0,0,0,0,0,0,0,0,0,0.8297975015331794,2,-0.6551366279844181,-0.6672158134958237,1,-0.30094541131756264,-1.2335563611353098,0.6757737149030568
0,1,0.5360458494870655,Medium Risk,1,-0.43991649313097614,1,1,1.5322605130033284,1,2,1,2,2,0,0,2,2,0,0.8297975015331794,2,1.3722557122182522,2.3275399691855267,3,0.7411516396922907,0.8106642156825693,0.6757737149030568
0,0,0.18054458547224192,Low Risk,0,2.273158691738958,1,0,1.6137012404433893,1,2,1,2,2,2,2,2,2,2,0.8297975015331794,0,1.6647319842474897,2.664786347118627,3,0.8648818980409907,0.8106642156825693,0.6757737149030568
0,0,0.34425505005723295,Medium Risk,1,-0.43991649313097614,0,0,0.6771328748826912,0,1,0,0,0,2,0,0,0,0,0.8297975015331794,0,-1.1486903370337564,-0.3659058868832561,3,-0.52628381896091,0.8106642156825693,-1.4797852860309242
1,1,0.878164721878979,High Risk,0,2.273158691738958,0,0,-0.8702409464784621,1,2,1,0,0,0,0,0,2,0,0.8297975015331794,1,0.6659919871476498,-0.6070641981097983,0,0.23596374453530417,-1.2335563611353098,0.6757737149030568
0,0,0.2582416505632117,Low Risk,0,-0.43991649313097614,0,1,-0.5444780367182193,1,0,0,0,0,0,2,0,0,0,-1.2051132934870794,3,-0.5305018529719588,-0.5864029459992222,1,-0.2211067216478995,0.8106642156825693,0.6757737149030568
0,0,0.1811039429233412,Low Risk,1,-0.43991649313097614,1,1,1.6137012404433893,1,2,1,0,0,0,0,0,2,2,0.8297975015331794,1,0.6560212051466532,1.6992259947459576,3,0.3738537599318397,-1.2335563611353098,0.6757737149030568
0,0,0.054522659599177875,Low Risk,0,-0.43991649313097614,1,1,-0.9924020376385531,1,0,2,1,1,1,1,1,1,2,-1.2051132934870794,0,-1.504314895069307,-0.9370703082092772,0,-0.7124080772435565,-1.2335563611353098,-1.4797852860309242
0,1,0.7370314250474551,High Risk,1,-0.43991649313097614,0,1,-0.7073594915983407,1,2,1,0,2,0,0,2,0,0,0.8297975015331794,2,0.8720548151682491,-0.3760819950274607,1,0.4622556911848275,0.8106642156825693,0.6757737149030568
0,0,0.4776644698517739,Medium Risk,0,-0.43991649313097614,1,0,1.4100994218432374,1,2,1,0,2,2,0,2,2,1,0.8297975015331794,0,1.3606231332170895,2.002125248443954,3,0.6404261409539203,0.8106642156825693,0.6757737149030568
0,0,0.18181337247961843,Low Risk,0,-0.43991649313097614,1,0,-0.2594354906780068,0,1,0,2,0,2,0,0,0,1,-1.2051132934870794,1,-0.9758634490164798,-0.5753880263377079,2,-0.4085685295128546,0.8106642156825693,-1.4797852860309242
1,1,0.9217270309575731,High Risk,1,2.273158691738958,0,0,-1.2367242199587352,1,2,1,0,0,0,0,0,0,0,0.8297975015331794,3,0.33529438411459117,-0.9383726734598369,0,-0.14816064623152195,-1.2335563611353098,0.6757737149030568
0,0,0.39080638885672947,Medium Risk,0,-0.43991649313097614,1,0,-0.46303730927815856,0,1,0,2,0,0,0,0,0,0,-1.2051132934870794,2,-1.2051914350394048,-0.7295748276116115,1,-0.5337439336743917,0.8106642156825693,-1.4797852860309242
0,0,0.060698246327455976,Low Risk,0,-0.43991649313097614,1,0,0.6771328748826912,1,0,2,1,1,1,1,1,1,1,0.8297975015331794,0,-1.4860351280674797,-0.5998901522380705,3,-0.7000104767583866,-1.2335563611353098,-1.4797852860309242
0,0,0.10676859553737741,Low Risk,1,-0.43991649313097614,1,1,-0.46303730927815856,1,0,2,1,1,1,1,1,1,1,-1.2051132934870794,3,-1.4943441130683104,-0.8528580466688416,1,-0.7417763916072617,-1.2335563611353098,-1.4797852860309242
0,0,0.43009846643349436,Medium Risk,0,-0.43991649313097614,1,0,0.758573602322752,1,0,1,0,0,0,0,0,0,0,-1.2051132934870794,3,0.14584952609565352,0.6038043751013663,3,0.14768736317685602,-1.2335563611353098,0.6757737149030568
0,0,0.4142758541779169,Medium Risk,1,2.273158691738958,1,0,-0.6666391278783103,1,0,0,2,2,0,0,0,0,0,0.8297975015331794,0,-0.3393951979528547,-0.6431551673414135,1,-0.20713001675656248,0.8106642156825693,0.6757737149030568
1,1,0.7529971293185219,High Risk,0,-0.43991649313097614,0,0,-0.4223169455581282,1,0,1,0,0,0,0,2,2,0,-1.2051132934870794,2,0.8138919201624348,-0.1651429724113658,1,0.3569031749438461,-1.2335563611353098,0.6757737149030568
1,1,0.8625861216657383,High Risk,1,-0.43991649313097614,1,0,-0.7888002190384014,1,2,1,0,0,2,0,2,2,0,0.8297975015331794,1,1.245959140205627,-0.4074491309773844,1,0.5883436078721553,0.8106642156825693,0.6757737149030568
0,0,0.04104324385242092,Low Risk,0,-0.43991649313097614,0,1,0.43281069256250915,1,2,2,1,1,1,1,1,1,2,0.8297975015331794,2,-1.3181936310507012,-0.5349705555957582,2,-0.6039758404662317,-1.2335563611353098,-1.4797852860309242
1,1,0.9326278577333904,High Risk,0,-0.43991649313097614,0,0,-1.1960038562387048,1,0,1,0,0,0,0,2,2,0,0.8297975015331794,2,0.8205391081630994,-0.9012663008125309,0,-0.01738763141934923,-1.2335563611353098,0.6757737149030568
0,1,0.652946120494484,Medium Risk,1,2.273158691738958,0,0,0.880734693482843,1,2,1,0,2,0,0,0,2,0,0.8297975015331794,2,0.8404806721650927,1.1698697053616363,3,0.46702442089420193,0.8106642156825693,0.6757737149030568
0,1,0.7127436393278591,High Risk,1,-0.43991649313097614,0,1,-1.2774445836787656,0,1,0,0,0,0,0,0,0,0,-1.2051132934870794,3,-1.3481059770536914,-0.9967362958747549,0,-0.8042792500515511,-1.2335563611353098,-1.4797852860309242
0,0,0.03225103134804053,Low Risk,1,-0.43991649313097614,1,1,1.4915401492832983,1,0,2,1,1,1,1,1,1,1,0.8297975015331794,1,-1.4694171580658184,-0.3879798741808801,3,-0.6740779098882402,-1.2335563611353098,-1.4797852860309242
0,0,0.01782034377507495,Low Risk,1,-0.43991649313097614,0,0,1.2064976032430856,1,2,2,1,1,1,1,1,1,2,-1.2051132934870794,0,-1.3746947290563494,-0.3762585869258417,3,-0.6306696587350702,-1.2335563611353098,-1.4797852860309242
1,1,0.9440703515456277,High Risk,0,-0.43991649313097614,0,0,-1.2367242199587352,1,0,1,0,0,0,0,2,2,0,0.8297975015331794,2,0.8521132511662559,-0.9331632124575977,0,-0.08369603736327601,-1.2335563611353098,0.6757737149030568
0,1,0.5886742427370859,Medium Risk,0,2.273158691738958,1,1,1.2064976032430856,1,2,1,0,2,2,0,0,2,0,0.8297975015331794,1,1.0415581091851935,1.650001003072256,3,0.5633304030994282,0.8106642156825693,0.6757737149030568
1,1,0.6966800845398979,Medium Risk,1,2.273158691738958,0,0,-1.2367242199587352,1,0,0,0,0,0,0,0,0,0,-1.2051132934870794,3,-0.6584602219847502,-0.969828105358951,0,-0.5374066955419057,-1.2335563611353098,0.6757737149030568
0,0,0.009038568517563616,Low Risk,1,-0.43991649313097614,1,1,1.4915401492832983,1,0,2,1,1,1,1,1,1,2,-1.2051132934870794,0,-1.491020519067978,-0.4084645343930751,3,-0.6849416793246322,-1.2335563611353098,-1.4797852860309242
1,1,0.9370868783132871,High Risk,0,-0.43991649313097614,0,0,-1.2774445836787656,1,2,1,0,0,0,0,0,0,0,0.8297975015331794,2,0.3236618051134285,-0.974529864653345,0,-0.39208817046602906,-1.2335563611353098,0.6757737149030568
1,0,0.31941350193640294,Medium Risk,1,-0.43991649313097614,0,0,-0.055833672077855064,1,0,0,0,0,2,2,0,0,0,0.8297975015331794,2,-0.3161300399505289,-0.24999537958343238,2,-0.1238925208326311,0.8106642156825693,0.6757737149030568
0,0,0.013728269340817431,Low Risk,1,2.273158691738958,0,0,1.4915401492832983,1,0,2,1,1,1,1,1,1,2,-1.2051132934870794,1,-1.477726143066649,-0.40864112629145616,3,-0.6850353325094287,-1.2335563611353098,-1.4797852860309242
0,1,0.943580602477291,High Risk,1,-0.43991649313097614,1,0,-1.2367242199587352,1,2,1,0,0,2,0,2,0,0,0.8297975015331794,2,0.8870109881697443,-0.9317284032832521,0,-0.06594095441227601,0.8106642156825693,0.6757737149030568
0,1,0.5637938755747282,Medium Risk,0,-0.43991649313097614,0,0,0.025607055362205634,1,0,1,0,0,0,0,0,0,0,0.8297975015331794,0,0.1873944510998066,0.05482431100945738,2,0.15724284847404923,-1.2335563611353098,0.6757737149030568
0,0,0.4759279991930285,Medium Risk,0,-0.43991649313097614,1,0,-1.1960038562387048,1,0,2,1,1,1,1,1,1,0,0.8297975015331794,3,-1.5009913010689746,-0.9830283497629303,0,-0.7762125612328551,-1.2335563611353098,-1.4797852860309242
0,0,0.09736733967061316,Low Risk,1,-0.43991649313097614,0,0,0.47353105628253944,1,0,0,2,0,0,2,2,0,1,-1.2051132934870794,2,0.021214751083194285,0.21748752340564878,2,0.007920190663883945,0.8106642156825693,0.6757737149030568
1,1,0.7642246696974654,High Risk,1,-0.43991649313097614,0,0,-0.9109613101984924,1,0,1,2,2,2,2,2,2,0,0.8297975015331794,2,1.506861269231708,-0.5468242867745824,0,0.5518614354309799,0.8106642156825693,0.6757737149030568
0,1,0.8465592956625124,High Risk,0,-0.43991649313097614,0,0,-0.9924020376385531,1,2,1,0,0,0,0,0,0,0,0.8297975015331794,2,0.3485887601159204,-0.7528187362360095,0,0.0476005247666828,-1.2335563611353098,0.6757737149030568
0,1,0.5702445461190859,Medium Risk,1,-0.43991649313097614,0,0,-0.9924020376385531,1,0,0,0,2,0,2,2,0,0,0.8297975015331794,2,0.06275967608734737,-0.7774312320728602,0,-0.05392212903006052,0.8106642156825693,0.6757737149030568
0,0,0.030758047133455035,Low Risk,0,-0.43991649313097614,1,1,1.4915401492832983,1,0,2,1,1,1,1,1,1,1,0.8297975015331794,1,-1.4760643460664828,-0.37051935022845944,3,-0.664817951241488,-1.2335563611353098,-1.4797852860309242
1,1,0.6404121883841487,Medium Risk,0,-0.43991649313097614,0,0,-0.38159658183809786,1,2,1,0,0,0,0,0,0,0,-1.2051132934870794,0,0.36022133911708304,-0.23103382449477344,1,0.19833662643530015,-1.2335563611353098,0.6757737149030568
0,0,0.020236449316015658,Low Risk,1,-0.43991649313097614,0,0,1.369379058123207,1,2,2,1,1,1,1,1,1,2,-1.2051132934870794,3,-1.3181936310507012,-0.2579199410232794,3,-0.5873043902002956,-1.2335563611353098,-1.4797852860309242
1,1,0.9530913645994255,High Risk,0,-0.43991649313097614,1,1,-1.2774445836787656,1,2,1,2,0,2,0,2,2,0,0.8297975015331794,2,1.2526063282062914,-0.9621905057539732,0,-0.16304760039812957,0.8106642156825693,0.6757737149030568
0,0,0.37125617269259026,Medium Risk,0,-0.43991649313097614,0,0,-1.1960038562387048,1,0,2,1,1,1,1,1,1,0,-1.2051132934870794,3,-1.4893587220678117,-0.9818142804615609,0,-0.7649449124370281,-1.2335563611353098,-1.4797852860309242
0,0,0.44808048544448237,Medium Risk,0,-0.43991649313097614,0,1,-1.1145631287986442,1,0,0,0,0,0,2,0,0,0,0.8297975015331794,3,-0.4573827849646494,-0.8808037145876335,0,-0.2191809780355217,0.8106642156825693,0.6757737149030568
0,1,0.5514678542156295,Medium Risk,0,-0.43991649313097614,0,1,-1.2774445836787656,1,0,0,2,0,0,0,0,0,0,-1.2051132934870794,3,-0.4507355969639848,-0.9848163427340378,0,-0.5830236009698593,0.8106642156825693,0.6757737149030568
1,1,0.7872666225507874,High Risk,0,-0.43991649313097614,0,0,-0.9516816739185228,1,0,1,0,0,0,0,2,0,0,0.8297975015331794,0,0.4283550161238945,-0.6921373451548412,0,0.16785251478404487,-1.2335563611353098,0.6757737149030568
0,0,0.16651388114435772,Low Risk,1,-0.43991649313097614,1,1,0.14776814652229667,1,0,0,2,0,2,0,0,2,1,0.8297975015331794,1,-0.035286346922454,-0.04124168170980223,2,-0.033184487446127675,0.8106642156825693,0.6757737149030568
0,0,0.1788122705900728,Low Risk,1,-0.43991649313097614,1,1,1.4508197855632678,1,2,1,2,2,0,0,0,0,1,0.8297975015331794,0,0.6892571451499756,1.5075134150660932,3,0.3505018440337533,0.8106642156825693,0.6757737149030568
0,0,0.2033363786338006,Low Risk,0,-0.43991649313097614,1,1,0.10704778280226633,0,1,0,0,0,0,2,2,0,1,-1.2051132934870794,3,-0.7930657789982063,-0.39658872922695343,2,-0.3726941567810907,0.8106642156825693,-1.4797852860309242
0,0,0.01436782794203077,Low Risk,1,-0.43991649313097614,1,1,1.125056875803025,1,0,2,1,1,1,1,1,1,2,-1.2051132934870794,3,-1.4694171580658184,-0.47541493786676875,3,-0.6788204457544097,-1.2335563611353098,-1.4797852860309242
0,0,0.027044726975432098,Low Risk,0,-0.43991649313097614,1,1,1.6137012404433893,1,2,0,2,2,0,2,2,0,2,-1.2051132934870794,3,0.32532360211359457,1.3901018766300308,3,0.21665111610941398,0.8106642156825693,0.6757737149030568
1,0,0.07776270396369564,Low Risk,1,-0.43991649313097614,0,0,0.5142514200025698,1,0,2,1,1,1,1,1,1,1,0.8297975015331794,2,-1.4744025490663168,-0.5966452761053197,2,-0.6710804989900527,-1.2335563611353098,-1.4797852860309242
0,0,0.44075725152298145,Medium Risk,1,-0.43991649313097614,1,1,0.18848851024232702,1,0,1,0,0,0,0,2,2,1,-1.2051132934870794,1,0.8787020031689138,0.4263074432411718,2,0.39807052719501074,-1.2335563611353098,0.6757737149030568
0,0,0.37819674427035765,Medium Risk,0,-0.43991649313097614,1,1,-1.0331224013585834,1,0,0,2,0,0,0,0,0,0,-1.2051132934870794,3,-0.467353566965646,-0.8527476767323534,0,-0.28484064056393116,0.8106642156825693,0.6757737149030568
1,1,0.5739212548209651,Medium Risk,0,-0.43991649313097614,0,0,-1.1552834925186746,1,0,0,0,2,0,0,0,0,0,-1.2051132934870794,1,-0.467353566965646,-0.9406242201641944,0,-0.5066494287683272,0.8106642156825693,0.6757737149030568
1,1,0.6601761625173025,Medium Risk,0,-0.43991649313097614,0,0,-1.2774445836787656,1,0,0,2,2,0,0,0,0,0,0.8297975015331794,2,-0.32776261895169184,-0.9831828676740135,0,-0.552703382391998,0.8106642156825693,0.6757737149030568
1,0,0.41465894777244644,Medium Risk,0,-0.43991649313097614,0,0,-1.1552834925186746,1,0,0,2,2,0,2,0,0,0,0.8297975015331794,3,-0.14496494893341827,-0.8872713928658373,0,-0.11051987037540216,0.8106642156825693,0.6757737149030568
1,1,0.5147952197367198,Medium Risk,1,-0.43991649313097614,1,0,-0.5851984004382496,1,0,0,0,0,2,0,0,0,0,0.8297975015331794,3,-0.5055748979694671,-0.619646370869444,1,-0.24492944246081805,0.8106642156825693,0.6757737149030568
1,0,0.4168398001052319,Medium Risk,0,-0.43991649313097614,0,0,-0.8295205827584317,1,2,0,0,0,0,2,2,2,1,-1.2051132934870794,3,0.3087056321119333,-0.622162805421373,0,0.09757390419681475,0.8106642156825693,0.6757737149030568
1,1,0.9345936657946619,High Risk,0,-0.43991649313097614,1,1,-1.2774445836787656,1,0,1,0,0,0,0,2,0,0,0.8297975015331794,3,0.5081212721318681,-0.9720796520633087,0,-0.3466078425992369,-1.2335563611353098,0.6757737149030568
0,0,0.012383095607744766,Low Risk,1,-0.43991649313097614,1,1,1.6137012404433893,1,2,2,1,1,1,1,1,1,2,-1.2051132934870794,0,-1.3215172250510334,-0.23973097549003722,3,-0.6121875875915861,-1.2335563611353098,-1.4797852860309242
0,0,0.02845853924760667,Low Risk,1,-0.43991649313097614,1,0,0.3920903288424788,1,0,2,1,1,1,1,1,1,2,-1.2051132934870794,2,-1.479387940066815,-0.6385637779835077,2,-0.684141815787039,-1.2335563611353098,-1.4797852860309242
1,1,0.8063505334377934,High Risk,1,2.273158691738958,0,0,-0.3408762181180675,1,2,1,0,0,0,0,0,0,0,0.8297975015331794,2,0.37683930911874425,-0.2512977448339922,1,0.12020879834845395,-1.2335563611353098,0.6757737149030568
0,0,0.3648057848890902,Medium Risk,1,-0.43991649313097614,1,1,-0.2594354906780068,1,0,1,0,0,0,0,0,2,1,-1.2051132934870794,0,0.47156173812821356,-0.10933993252297228,2,0.2322230368879353,-1.2335563611353098,0.6757737149030568
0,0,0.10058320213316113,Low Risk,0,-0.43991649313097614,1,1,1.4508197855632678,1,2,0,2,2,2,0,2,0,1,0.8297975015331794,1,0.27380789510844483,1.2719398226258496,3,0.22375786727584565,0.8106642156825693,0.6757737149030568
0,0,0.10416085621416565,Low Risk,0,-0.43991649313097614,0,0,-0.62591876415828,1,0,2,1,1,1,1,1,1,1,-1.2051132934870794,0,-1.491020519067978,-0.8647559258222608,1,-0.7083562762624309,-1.2335563611353098,-1.4797852860309242
0,0,0.1752615275063785,Low Risk,1,-0.43991649313097614,1,1,1.0843365120829946,1,2,1,2,2,0,2,2,2,2,0.8297975015331794,3,1.5400972092350305,1.886567924940892,3,0.787996588994125,0.8106642156825693,0.6757737149030568
1,1,0.7830506598461013,High Risk,1,-0.43991649313097614,1,1,-0.7888002190384014,1,2,1,0,0,0,0,0,0,0,0.8297975015331794,1,0.32033821111309646,-0.6115231435439183,1,0.047203799469975424,-1.2335563611353098,0.6757737149030568
0,0,0.4748009193539394,Medium Risk,0,-0.43991649313097614,0,0,-1.2367242199587352,1,0,2,1,1,1,1,1,1,0,0.8297975015331794,3,-1.4727407520661506,-0.9886792905111221,0,-0.7706811700058128,-1.2335563611353098,-1.4797852860309242
0,0,0.014034631498134168,Low Risk,0,-0.43991649313097614,1,0,1.4100994218432374,1,0,2,1,1,1,1,1,1,2,-1.2051132934870794,3,-1.4993295040688086,-0.41795634893105343,3,-0.6807809988647768,-1.2335563611353098,-1.4797852860309242
0,0,0.10919080125507695,Low Risk,0,-0.43991649313097614,0,0,-0.62591876415828,1,0,2,1,1,1,1,1,1,1,-1.2051132934870794,1,-1.4860351280674797,-0.8582440995694617,1,-0.6949261494148796,-1.2335563611353098,-1.4797852860309242
0,0,0.057672536653636954,Low Risk,1,-0.43991649313097614,1,0,1.5729808767233588,1,2,0,2,2,2,2,0,2,2,0.8297975015331794,3,0.5097830691320341,1.458420867316177,3,0.26881064799465376,0.8106642156825693,0.6757737149030568
1,0,0.38288616472452836,Medium Risk,0,-0.43991649313097614,1,1,-0.62591876415828,1,0,1,0,0,2,2,2,2,1,-1.2051132934870794,0,1.1246479591934997,-0.25471921286512395,1,0.5497962171576585,0.8106642156825693,0.6757737149030568
1,1,0.9612293763652275,High Risk,1,-0.43991649313097614,0,0,-1.2774445836787656,1,0,1,0,0,0,0,2,2,0,0.8297975015331794,2,0.8238627021634315,-0.9678855944767601,0,-0.26875863273716016,-1.2335563611353098,0.6757737149030568
0,0,0.16860961597417257,Low Risk,0,-0.43991649313097614,1,1,-1.0738427650786138,1,0,2,1,1,1,1,1,1,1,-1.2051132934870794,3,-1.4976677070686424,-0.9657223437215932,0,-0.7814512862574083,-1.2335563611353098,-1.4797852860309242
0,1,0.6613061535268147,Medium Risk,1,-0.43991649313097614,1,0,1.1657772395230555,1,2,1,0,2,2,2,2,2,0,0.8297975015331794,2,1.639805029244998,2.1412796643681755,3,0.8827488140546649,0.8106642156825693,0.6757737149030568
0,1,0.8777580777912634,High Risk,0,-0.43991649313097614,0,0,-1.0738427650786138,1,2,1,0,0,0,0,0,0,0,0.8297975015331794,3,0.3020584441112687,-0.8302542836760746,0,-0.06301429238738587,-1.2335563611353098,0.6757737149030568
1,1,0.7858515092728233,High Risk,0,2.273158691738958,0,0,-1.2774445836787656,0,1,0,0,0,0,0,0,0,0,-1.2051132934870794,3,-1.3198554280508674,-0.9963610380906951,0,-0.7973137944323128,-1.2335563611353098,-1.4797852860309242
1,1,0.6915238892480124,Medium Risk,0,-0.43991649313097614,1,1,-0.46303730927815856,1,0,1,0,2,2,2,2,2,0,0.8297975015331794,2,1.2642389072074542,-0.075831619805179,1,0.5694054439692757,0.8106642156825693,0.6757737149030568
0,0,0.24705157759878138,Low Risk,0,-0.43991649313097614,1,0,1.125056875803025,1,2,1,0,2,2,2,2,2,2,0.8297975015331794,1,1.5301264272340338,1.9243144432198291,3,0.7816146106279799,0.8106642156825693,0.6757737149030568
1,1,0.829581399446632,High Risk,0,2.273158691738958,0,0,-0.5037576729981889,1,2,1,0,0,0,0,0,2,0,0.8297975015331794,1,0.6992279271509723,-0.24476384459389552,1,0.34562577060793614,-1.2335563611353098,0.6757737149030568
0,1,0.5336103518301764,Medium Risk,1,-0.43991649313097614,1,0,-0.4223169455581282,1,2,1,2,0,0,2,2,0,0,-1.2051132934870794,1,1.0349109211845293,-0.020734947510309614,1,0.5899876284530935,0.8106642156825693,0.6757737149030568
0,0,0.03399063999019229,Low Risk,0,-0.43991649313097614,0,0,0.3106496014024181,1,0,2,1,1,1,1,1,1,2,0.8297975015331794,0,-1.4677553610656522,-0.6421839119003181,2,-0.6718856258855957,-1.2335563611353098,-1.4797852860309242
1,1,0.7576652245487606,High Risk,1,-0.43991649313097614,0,0,-0.38159658183809786,1,2,1,0,0,0,0,0,0,0,0.8297975015331794,2,0.3386179781149237,-0.2522910742623853,1,0.16545557858565996,-1.2335563611353098,0.6757737149030568
1,1,0.6601135195678856,Medium Risk,0,-0.43991649313097614,0,1,-1.2774445836787656,1,0,0,0,0,0,0,0,0,0,-1.2051132934870794,3,-0.6252242819814278,-0.9871341114002884,0,-0.6260455327357438,-1.2335563611353098,0.6757737149030568
0,0,0.048466250534835914,Low Risk,1,-0.43991649313097614,0,0,0.5549717837226001,0,1,0,2,0,2,2,0,0,2,-1.2051132934870794,3,-0.8811410200070108,-0.232468633669119,2,-0.39048411059877014,0.8106642156825693,-1.4797852860309242
0,1,0.7332640774639624,High Risk,0,-0.43991649313097614,1,1,-1.1145631287986442,1,0,1,0,0,0,0,0,0,0,-1.2051132934870794,1,0.1724382780983114,-0.8659699951236302,0,-0.12740085693496817,-1.2335563611353098,0.6757737149030568
0,0,0.019498885404513333,Low Risk,1,2.273158691738958,0,0,1.4508197855632678,1,0,2,1,1,1,1,1,1,2,0.8297975015331794,1,-1.4876969250676457,-0.39111438037714263,3,-0.6710033029772223,-1.2335563611353098,-1.4797852860309242
1,1,0.8316967294764559,High Risk,0,2.273158691738958,0,0,-1.2774445836787656,0,1,0,0,0,0,0,0,0,0,0.8297975015331794,2,-1.3148700370503688,-0.9962948161288023,0,-0.7960845963818588,-1.2335563611353098,-1.4797852860309242
0,0,0.3447000919351682,Medium Risk,0,-0.43991649313097614,1,0,-1.2367242199587352,1,0,2,1,1,1,1,1,1,0,-1.2051132934870794,0,-1.4843733310673135,-0.9883702546889552,0,-0.7668569982932897,-1.2335563611353098,-1.4797852860309242
1,1,0.8543981527671025,High Risk,0,2.273158691738958,0,0,-0.748079855318371,1,2,1,0,2,2,0,2,2,0,0.8297975015331794,2,1.332372584214265,-0.3313380227751768,1,0.6706491484441315,0.8106642156825693,0.6757737149030568
1,1,0.7490612320726687,High Risk,1,-0.43991649313097614,0,0,-0.9109613101984924,1,0,1,0,0,0,0,0,0,0,0.8297975015331794,2,0.17410007509847744,-0.6807250937219695,0,0.09996353397322141,-1.2335563611353098,0.6757737149030568
0,1,0.727601978295961,High Risk,1,-0.43991649313097614,0,1,-0.7888002190384014,1,0,1,0,0,0,0,2,0,0,0.8297975015331794,1,0.4499583771260538,-0.5509521223992381,1,0.20781901139594422,-1.2335563611353098,0.6757737149030568
1,1,0.7541753166955386,High Risk,0,-0.43991649313097614,0,0,0.06632741908223598,1,2,1,2,2,2,0,2,2,0,0.8297975015331794,3,1.4968904872307114,0.5762781129412292,2,0.677197066947819,0.8106642156825693,0.6757737149030568
1,0,0.4336582521520944,Medium Risk,1,-0.43991649313097614,1,1,-0.5851984004382496,1,0,0,0,0,2,0,0,2,0,-1.2051132934870794,2,-0.24301097194321938,-0.56997989944979,1,-0.14788749110919888,0.8106642156825693,0.6757737149030568
0,0,0.009392532831224116,Low Risk,1,-0.43991649313097614,1,1,1.5729808767233588,1,0,2,1,1,1,1,1,1,2,-1.2051132934870794,1,-1.4976677070686424,-0.43301080826803307,3,-0.706421427479309,-1.2335563611353098,-1.4797852860309242
0,0,0.23469823503773152,Low Risk,0,-0.43991649313097614,1,0,1.5322605130033284,1,2,1,0,2,2,2,2,2,2,0.8297975015331794,2,1.5201556452330371,2.414952958884118,3,0.786857031990856,0.8106642156825693,0.6757737149030568
0,0,0.1447242197105357,Low Risk,0,-0.43991649313097614,1,0,0.7992939660427822,1,0,0,2,0,2,0,2,0,1,0.8297975015331794,3,-0.015344782920460707,0.4982907158187236,3,0.05207752004199045,0.8106642156825693,0.6757737149030568
0,0,0.12585593201672857,Low Risk,1,-0.43991649313097614,1,1,1.4508197855632678,1,0,1,2,2,2,0,2,2,2,0.8297975015331794,0,1.3456669602155942,2.1593803339522273,3,0.7012211447869167,0.8106642156825693,0.6757737149030568
0,0,0.12324425404026224,Low Risk,1,-0.43991649313097614,1,1,0.22920887396235737,1,0,2,1,1,1,1,1,1,0,-1.2051132934870794,2,-1.5009913010689746,-0.6907466839550909,2,-0.7011526854083467,-1.2335563611353098,-1.4797852860309242
0,0,0.05560181581060649,Low Risk,0,-0.43991649313097614,1,1,1.0436161483629645,1,2,2,1,1,1,1,1,1,1,0.8297975015331794,1,-1.3381351950526947,-0.3461275942645849,3,-0.5864959118468476,-1.2335563611353098,-1.4797852860309242
0,1,0.9200507995338787,High Risk,1,-0.43991649313097614,0,0,-1.1960038562387048,1,0,1,0,0,0,0,2,2,0,-1.2051132934870794,3,0.8620840331672525,-0.9025024441011978,0,-0.028860146556918362,-1.2335563611353098,0.6757737149030568
0,0,0.32220867528955915,Medium Risk,1,-0.43991649313097614,1,0,-0.748079855318371,1,0,0,0,0,0,2,0,0,0,-1.2051132934870794,0,-0.5305018529719588,-0.714100962515977,1,-0.27665281577229706,0.8106642156825693,0.6757737149030568
0,1,0.7706518080239805,High Risk,1,-0.43991649313097614,0,0,-1.2367242199587352,0,1,0,0,0,0,0,0,0,0,0.8297975015331794,1,-1.3248408190513656,-0.9854785623529666,0,-0.7310736772689667,-1.2335563611353098,-1.4797852860309242
1,1,0.8141252759513132,High Risk,0,-0.43991649313097614,1,0,-1.2774445836787656,0,1,0,0,0,0,0,0,0,0,0.8297975015331794,2,-1.328164413051698,-0.9964714080271831,0,-0.7993624578497358,-1.2335563611353098,-1.4797852860309242
0,0,0.13126708195689196,Low Risk,0,2.273158691738958,0,0,1.6137012404433893,1,2,1,2,2,2,2,0,2,2,0.8297975015331794,0,1.4171242312227377,2.4134960757224753,3,0.7370902030056795,0.8106642156825693,0.6757737149030568
1,1,0.6836967049434735,Medium Risk,1,-0.43991649313097614,0,0,-1.1960038562387048,1,0,0,0,0,0,0,0,0,0,0.8297975015331794,2,-0.7132995229902325,-0.9528311351397806,0,-0.4959554057293788,-1.2335563611353098,0.6757737149030568
0,1,0.6834331982921328,Medium Risk,0,-0.43991649313097614,0,0,-0.7888002190384014,1,2,1,2,0,0,0,0,0,0,0.8297975015331794,1,0.5064594751317021,-0.5529829292306195,1,0.2024339532701463,0.8106642156825693,0.6757737149030568
0,0,0.1231229789951385,Low Risk,1,2.273158691738958,1,1,1.6137012404433893,1,0,1,2,0,2,2,2,2,2,0.8297975015331794,1,1.3074456292117733,2.2805885982034804,3,0.6695011485601764,0.8106642156825693,0.6757737149030568
0,0,0.018868073905383566,Low Risk,1,-0.43991649313097614,1,0,1.0436161483629645,1,0,2,1,1,1,1,1,1,2,-1.2051132934870794,3,-1.462769970065154,-0.48384720101446105,3,-0.6731509020929666,-1.2335563611353098,-1.4797852860309242
0,0,0.14051914224045325,Low Risk,1,2.273158691738958,1,0,1.5729808767233588,1,0,1,0,2,2,2,0,2,2,0.8297975015331794,1,1.0216165451832002,1.9536507723383716,3,0.5241537800495795,0.8106642156825693,0.6757737149030568
1,1,0.871815316954738,High Risk,0,-0.43991649313097614,0,0,-1.2774445836787656,1,0,1,0,0,2,0,0,0,0,-1.2051132934870794,2,0.3851482941195749,-0.9737131271233329,0,-0.3769280611770984,0.8106642156825693,0.6757737149030568
0,0,0.05124253963315868,Low Risk,0,-0.43991649313097614,1,1,0.880734693482843,1,2,0,2,2,2,2,2,2,2,-1.2051132934870794,1,0.8820255971692458,1.1845268329272585,3,0.47691760277906664,0.8106642156825693,0.6757737149030568
0,0,0.107661831927574,Low Risk,1,-0.43991649313097614,0,1,0.26992923768238775,0,1,0,2,0,0,2,2,0,1,-1.2051132934870794,0,-0.6551366279844181,-0.21690647262429408,2,-0.2689225258105539,0.8106642156825693,-1.4797852860309242
1,1,0.911163059430814,High Risk,0,-0.43991649313097614,0,0,-1.2774445836787656,1,0,1,0,0,0,0,0,0,0,0.8297975015331794,2,0.19404163910047073,-0.9762516356625597,0,-0.424047319777829,-1.2335563611353098,0.6757737149030568
0,0,0.05591867359286241,Low Risk,1,-0.43991649313097614,1,0,1.1657772395230555,1,2,0,2,2,2,2,0,2,2,0.8297975015331794,0,0.53304822713436,1.138546717386308,3,0.2823450437329845,0.8106642156825693,0.6757737149030568
1,1,0.5955186568267465,Medium Risk,0,-0.43991649313097614,1,1,-0.30015585439803716,1,0,1,0,2,2,0,2,0,0,0.8297975015331794,0,0.8105683261621028,-0.01066920930259299,2,0.4206008482763389,0.8106642156825693,0.6757737149030568
0,0,0.43102633701413207,Medium Risk,0,-0.43991649313097614,0,0,0.18848851024232702,1,2,1,2,2,2,0,0,0,0,-1.2051132934870794,0,0.8787020031689138,0.48579683900826853,2,0.45618787361559154,0.8106642156825693,0.6757737149030568
1,1,0.81345411808024,High Risk,0,2.273158691738958,0,0,-0.2594354906780068,1,0,1,0,0,0,0,2,2,0,0.8297975015331794,2,0.8803638001690798,0.030851960804237837,2,0.4249795015405863,-1.2335563611353098,0.6757737149030568
0,0,0.2727444648889827,Low Risk,1,-0.43991649313097614,0,0,-0.9109613101984924,1,0,2,1,1,1,1,1,1,0,-1.2051132934870794,1,-1.4960059100684764,-0.9154819486322008,0,-0.6923104821829374,-1.2335563611353098,-1.4797852860309242
1,0,0.42345493537706924,Medium Risk,0,-0.43991649313097614,0,0,-1.2774445836787656,1,0,2,1,1,1,1,1,1,0,-1.2051132934870794,3,-1.4744025490663168,-0.9984139189093741,0,-0.8354189339963819,-1.2335563611353098,-1.4797852860309242
1,1,0.6886005116541707,Medium Risk,0,2.273158691738958,1,0,-0.3408762181180675,0,1,0,0,0,2,0,0,2,0,0.8297975015331794,1,-0.801374763999037,-0.5953870588293552,1,-0.3907442472641995,0.8106642156825693,-1.4797852860309242
0,0,0.21924681746636432,Low Risk,1,2.273158691738958,0,0,1.3286586944031769,1,2,1,2,0,2,2,2,2,2,0.8297975015331794,2,1.5151702542325387,2.1916083554067582,3,0.7967946671613128,0.8106642156825693,0.6757737149030568
0,0,0.39102967824910656,Medium Risk,1,-0.43991649313097614,0,0,-0.38159658183809786,1,0,0,0,0,0,0,2,2,1,0.8297975015331794,0,0.004596781081533054,-0.3408739852877504,1,0.02843414035034683,-1.2335563611353098,0.6757737149030568
0,0,0.08583357954470654,Low Risk,1,-0.43991649313097614,0,0,0.6771328748826912,1,2,0,0,0,0,2,2,0,2,0.8297975015331794,0,0.046141706085686136,0.4048736015751788,3,0.04599801471572061,0.8106642156825693,0.6757737149030568
0,0,0.34781384287579115,Medium Risk,0,2.273158691738958,0,0,0.3920903288424788,1,2,0,0,0,2,0,0,0,0,-1.2051132934870794,2,-0.3028356639492,0.061733469033613736,2,-0.07954789097078832,0.8106642156825693,0.6757737149030568
0,0,0.08159599726260794,Low Risk,0,-0.43991649313097614,0,0,-0.9924020376385531,1,0,2,1,1,1,1,1,1,2,-1.2051132934870794,3,-1.4594463760648215,-0.9360549047935863,0,-0.7082196987012692,-1.2335563611353098,-1.4797852860309242
0,0,0.2053782339148976,Low Risk,0,-0.43991649313097614,0,0,-0.1779947632379461,1,0,0,0,2,0,2,0,0,0,-1.2051132934870794,0,-0.33607160395252245,-0.3374745912439163,2,-0.1449769761851357,0.8106642156825693,0.6757737149030568
0,0,0.030907141184438772,Low Risk,1,-0.43991649313097614,0,0,1.5729808767233588,1,2,0,2,2,2,2,0,2,2,-1.2051132934870794,0,0.5264010391336954,1.5126345801191416,3,0.2967635221790487,0.8106642156825693,0.6757737149030568
1,1,0.6190247667503318,Medium Risk,1,-0.43991649313097614,1,1,1.4915401492832983,1,2,1,0,0,2,0,2,2,0,0.8297975015331794,1,1.1528985081963241,2.0862933620097945,3,0.6381202755914864,0.8106642156825693,0.6757737149030568
0,0,0.13731913165213458,Low Risk,1,-0.43991649313097614,1,1,1.4508197855632678,1,2,1,2,2,2,2,2,2,2,0.8297975015331794,0,1.6597465932469917,2.458129678038271,3,0.8619551198095479,0.8106642156825693,0.6757737149030568
0,0,0.2063198474421263,Low Risk,0,-0.43991649313097614,1,0,1.2879383306831464,1,2,1,0,2,0,2,2,2,2,0.8297975015331794,0,1.3506523512160928,1.992324398083809,3,0.7106600702847161,0.8106642156825693,0.6757737149030568
0,1,0.8368408317415056,High Risk,0,2.273158691738958,0,0,-1.1960038562387048,1,0,1,0,0,2,0,0,0,0,-1.2051132934870794,3,0.3419415721152558,-0.9178438652730465,0,-0.17124225406782187,0.8106642156825693,0.6757737149030568
0,0,0.0580786904802129,Low Risk,0,-0.43991649313097614,1,1,1.369379058123207,1,0,0,0,0,0,2,0,0,1,0.8297975015331794,1,-0.5105602889699654,0.42820580614876735,3,-0.20713361405843683,0.8106642156825693,0.6757737149030568
0,0,0.0747177826133657,Low Risk,1,-0.43991649313097614,0,0,-0.1779947632379461,1,0,2,1,1,1,1,1,1,1,-1.2051132934870794,1,-1.5458598200734601,-0.7713608855660137,2,-0.7004049504315896,-1.2335563611353098,-1.4797852860309242
0,0,0.1483583023117732,Low Risk,1,-0.43991649313097614,1,0,1.4100994218432374,1,0,1,2,2,2,2,2,2,2,0.8297975015331794,2,1.5384354122348645,2.224675188378599,3,0.7619239325683875,0.8106642156825693,0.6757737149030568
0,0,0.12564236248230173,Low Risk,1,-0.43991649313097614,1,0,0.5549717837226001,1,0,2,1,1,1,1,1,1,0,-1.2051132934870794,2,-1.5009913010689746,-0.6316325459720538,2,-0.7057690516818459,-1.2335563611353098,-1.4797852860309242
1,1,0.57165582576843,Medium Risk,1,-0.43991649313097614,1,0,0.9214550572028734,1,2,1,2,2,0,0,2,0,0,0.8297975015331794,2,1.0631614701873533,1.3054481353436427,3,0.5306590993615715,0.8106642156825693,0.6757737149030568
0,1,0.7154137132965556,High Risk,1,-0.43991649313097614,0,0,-0.4223169455581282,1,0,1,0,0,0,0,0,0,0,0.8297975015331794,3,0.16412929309748078,-0.3494386923592285,1,0.05943724673401597,-1.2335563611353098,0.6757737149030568
0,1,0.6765631756586465,Medium Risk,1,-0.43991649313097614,1,1,-0.5851984004382496,1,0,1,2,0,2,0,2,0,0,0.8297975015331794,3,0.7690234011579498,-0.34497974692510847,1,0.29173411339171423,0.8106642156825693,0.6757737149030568
0,0,0.04707548201307894,Low Risk,1,-0.43991649313097614,1,0,0.5549717837226001,0,1,0,2,0,2,2,0,0,2,-1.2051132934870794,1,-0.8096837489998675,-0.19390537786016981,2,-0.3600244085541905,0.8106642156825693,-1.4797852860309242
0,1,0.7319466142134462,High Risk,0,-0.43991649313097614,1,0,-0.9109613101984924,1,2,1,2,0,0,0,0,0,0,0.8297975015331794,1,0.4449729861255557,-0.6696218781112646,0,0.1374354502991781,0.8106642156825693,0.6757737149030568
0,0,0.25366487962882195,Low Risk,1,-0.43991649313097614,1,0,1.6137012404433893,1,2,1,0,2,0,0,2,2,2,0.8297975015331794,2,1.1512367111961581,2.2090688793591786,3,0.6331303569303092,0.8106642156825693,0.6757737149030568
0,0,0.4587225879773209,Medium Risk,1,-0.43991649313097614,0,0,-0.6666391278783103,1,2,0,0,2,0,0,0,0,0,-1.2051132934870794,2,-0.31446824295036285,-0.6209708101073014,1,-0.15868515241514633,0.8106642156825693,0.6757737149030568
1,1,0.9031699569360857,High Risk,1,2.273158691738958,0,0,-1.1960038562387048,1,2,1,0,0,0,0,0,0,0,0.8297975015331794,2,0.40675165512173467,-0.9024582961266027,0,-0.02845041387343377,-1.2335563611353098,0.6757737149030568
0,1,0.577001416593738,Medium Risk,1,-0.43991649313097614,1,1,-0.46303730927815856,0,1,0,0,0,0,0,0,0,0,0.8297975015331794,2,-1.286619488047545,-0.7576529394541892,1,-0.5811239312555216,-1.2335563611353098,-1.4797852860309242
0,1,0.7896864718177582,High Risk,1,-0.43991649313097614,0,0,-1.1145631287986442,1,0,1,0,0,0,0,0,2,0,-1.2051132934870794,3,0.464914550127549,-0.8191952160399649,0,0.1620069951663312,-1.2335563611353098,0.6757737149030568
1,1,0.670780445592834,Medium Risk,0,-0.43991649313097614,0,0,-1.2774445836787656,0,1,0,0,2,0,0,0,0,0,-1.2051132934870794,0,-1.156999322034587,-0.9941977873355281,0,-0.7571599914508205,0.8106642156825693,-1.4797852860309242
1,1,0.7748060920488686,High Risk,0,-0.43991649313097614,0,0,-1.2774445836787656,1,0,0,0,0,0,0,0,0,0,0.8297975015331794,3,-0.6435040489832552,-0.9873769252605621,0,-0.6305525922540747,-1.2335563611353098,0.6757737149030568
1,1,0.7752948154534188,High Risk,1,2.273158691738958,1,0,0.14776814652229667,1,2,1,0,0,0,0,0,2,0,0.8297975015331794,1,0.6809481601491449,0.37562556840582706,2,0.3850750653974909,-1.2335563611353098,0.6757737149030568
0,0,0.12648751607303246,Low Risk,1,-0.43991649313097614,1,0,1.2879383306831464,1,0,1,2,2,0,2,2,2,2,0.8297975015331794,1,1.3057838322116073,1.9087964301495997,3,0.6629545787676153,0.8106642156825693,0.6757737149030568
0,0,0.2295154499297549,Low Risk,1,2.273158691738958,1,0,-0.0965540357978854,1,2,0,0,0,2,0,2,2,2,-1.2051132934870794,2,0.33529438411459117,-0.04422166999498147,2,0.15087372106777602,0.8106642156825693,0.6757737149030568
0,0,0.007898324751192112,Low Risk,0,-0.43991649313097614,1,1,1.6137012404433893,1,0,2,1,1,1,1,1,1,2,-1.2051132934870794,0,-1.502653098069141,-0.36133657151264786,3,-0.6740291589153324,-1.2335563611353098,-1.4797852860309242
0,0,0.03095820345846859,Low Risk,1,-0.43991649313097614,1,1,0.5549717837226001,1,0,2,1,1,1,1,1,1,2,0.8297975015331794,3,-1.4843733310673135,-0.593819805731224,2,-0.6759021543708186,-1.2335563611353098,-1.4797852860309242
0,0,0.22806419854989815,Low Risk,0,-0.43991649313097614,1,0,0.5142514200025698,1,0,1,0,0,0,2,2,2,2,0.8297975015331794,1,1.0116457631822036,0.8846737894763342,2,0.5243947701665568,0.8106642156825693,0.6757737149030568
1,0,0.39791261090275976,Medium Risk,0,-0.43991649313097614,0,0,-1.2367242199587352,1,0,2,1,1,1,1,1,1,0,-1.2051132934870794,3,-1.4660935640654862,-0.9903348395584439,0,-0.7911678041800435,-1.2335563611353098,-1.4797852860309242
0,0,0.10030248987733834,Low Risk,0,-0.43991649313097614,0,0,0.06632741908223598,1,0,0,2,2,0,0,0,0,1,-1.2051132934870794,3,-0.3244390249513595,-0.17516456264448702,2,-0.11983836226265206,0.8106642156825693,0.6757737149030568
1,0,0.32038672548676034,Medium Risk,0,-0.43991649313097614,1,0,0.880734693482843,1,2,1,2,2,0,0,2,2,1,-1.2051132934870794,0,1.3888736822199135,1.5369601141211235,3,0.7148009491250797,0.8106642156825693,0.6757737149030568
0,0,0.30266705386747567,Medium Risk,1,-0.43991649313097614,0,0,-0.46303730927815856,1,0,2,1,1,1,1,1,1,0,0.8297975015331794,3,-1.4893587220678117,-0.823587939512192,1,-0.69238497903448,-1.2335563611353098,-1.4797852860309242
0,0,0.038521715258115714,Low Risk,1,-0.43991649313097614,1,0,1.3286586944031769,1,2,0,2,0,2,2,0,2,2,-1.2051132934870794,0,0.37850110611891075,1.1688763759332432,3,0.22152997954891418,0.8106642156825693,0.6757737149030568
0,1,0.6281598398981567,Medium Risk,0,-0.43991649313097614,1,0,-0.5037576729981889,1,0,1,0,0,0,0,0,0,0,0.8297975015331794,0,0.16745288709781284,-0.3273867790489022,1,0.19956582448575405,-1.2335563611353098,0.6757737149030568
1,1,0.9406482996510448,High Risk,1,-0.43991649313097614,0,0,-1.2774445836787656,1,0,1,0,0,0,0,2,0,0,0.8297975015331794,2,0.4898415051300408,-0.9723224659235826,0,-0.35111490211756763,-1.2335563611353098,0.6757737149030568
0,0,0.29048650124140246,Low Risk,1,-0.43991649313097614,1,1,0.3920903288424788,1,2,0,2,2,0,0,2,0,0,0.8297975015331794,0,0.15415851109648415,0.342757401319665,2,0.16307102965445017,0.8106642156825693,0.6757737149030568
1,0,0.4226967728106651,Medium Risk,1,-0.43991649313097614,0,0,-1.2774445836787656,1,0,2,1,1,1,1,1,1,0,-1.2051132934870794,3,-1.5076384890696393,-0.9988553986553266,0,-0.8436135876660742,-1.2335563611353098,-1.4797852860309242
0,1,0.5925569344979946,Medium Risk,0,-0.43991649313097614,1,0,-0.5037576729981889,1,0,1,2,2,0,2,2,0,0,0.8297975015331794,2,1.0565142821866886,-0.1678801468362711,1,0.48153995504383257,0.8106642156825693,0.6757737149030568
0,1,0.6996266027573131,Medium Risk,1,-0.43991649313097614,0,0,-0.8702409464784621,1,0,1,0,0,0,0,0,0,0,-1.2051132934870794,2,0.18074726309914202,-0.6718734248156224,0,0.03546788475016605,-1.2335563611353098,0.6757737149030568
0,0,0.019473458795226124,Low Risk,0,-0.43991649313097614,1,0,1.1657772395230555,1,2,2,1,1,1,1,1,1,2,-1.2051132934870794,0,-1.3115464430500368,-0.32096324874529353,3,-0.5915619014063451,-1.2335563611353098,-1.4797852860309242
0,0,0.019434484237847705,Low Risk,0,-0.43991649313097614,1,0,1.2879383306831464,1,2,2,1,1,1,1,1,1,2,-1.2051132934870794,1,-1.3215172250510334,-0.30776300434131443,3,-0.6029933416049249,-1.2335563611353098,-1.4797852860309242
0,1,0.6132060637869641,Medium Risk,0,2.273158691738958,1,0,-0.30015585439803716,1,0,1,0,2,2,0,0,2,0,-1.2051132934870794,0,0.785641371159611,-0.04007176038302812,2,0.37861900716853075,0.8106642156825693,0.6757737149030568
0,0,0.4484473442248012,Medium Risk,0,-0.43991649313097614,0,0,0.47353105628253944,1,2,0,0,0,0,0,0,0,0,0.8297975015331794,3,-0.4856333339674735,-0.06305078115985478,2,-0.2235150393097146,-1.2335563611353098,0.6757737149030568
1,1,0.7778626045320578,High Risk,0,-0.43991649313097614,1,0,-1.1145631287986442,1,0,1,0,0,0,0,0,0,0,-1.2051132934870794,2,0.1724382780983114,-0.8616655676005934,0,-0.10076823250846824,-1.2335563611353098,0.6757737149030568
0,0,0.13020392616439883,Low Risk,0,2.273158691738958,1,1,0.6364125111626608,0,1,0,0,2,0,0,0,0,1,-1.2051132934870794,0,-1.1586611190347533,-0.3943151085352981,2,-0.5380867960505468,0.8106642156825693,-1.4797852860309242
1,1,0.8398648988109707,High Risk,1,-0.43991649313097614,0,0,-1.0738427650786138,1,2,1,0,0,0,0,0,0,0,0.8297975015331794,2,0.33695618111475767,-0.8000129210783297,0,0.09736678657659174,-1.2335563611353098,0.6757737149030568
1,1,0.5270180036099139,Medium Risk,1,-0.43991649313097614,1,0,-1.1552834925186746,1,0,0,0,0,0,2,0,0,0,-1.2051132934870794,3,-0.4889569279678058,-0.9282407132902275,0,-0.4147054145943798,0.8106642156825693,0.6757737149030568
0,0,0.008618819119721736,Low Risk,1,-0.43991649313097614,1,1,1.6137012404433893,1,0,2,1,1,1,1,1,1,2,-1.2051132934870794,0,-1.4893587220678117,-0.4234086237935666,3,-0.7055954138731061,-1.2335563611353098,-1.4797852860309242
0,1,0.5400694124055415,Medium Risk,1,-0.43991649313097614,0,0,0.880734693482843,1,2,1,0,0,2,0,0,2,0,-1.2051132934870794,1,0.8188773111629334,1.1423655171887968,3,0.44845980548977166,0.8106642156825693,0.6757737149030568
0,0,0.1666574731486176,Low Risk,0,-0.43991649313097614,1,1,1.369379058123207,1,2,0,2,2,2,0,0,0,0,0.8297975015331794,0,0.08934842809000525,0.9830575508618441,3,0.10030043764512324,0.8106642156825693,0.6757737149030568
1,1,0.6776672000786568,Medium Risk,1,-0.43991649313097614,0,0,-1.1960038562387048,1,0,0,0,2,0,0,0,0,0,0.8297975015331794,3,-0.49394231896830415,-0.9499835907783871,0,-0.4695276476446212,0.8106642156825693,0.6757737149030568
0,0,0.2359854552849949,Low Risk,1,-0.43991649313097614,0,0,-0.5444780367182193,1,0,0,0,2,0,2,0,2,1,0.8297975015331794,0,0.019552954083027783,-0.4635832806752423,1,0.006868543442939893,0.8106642156825693,0.6757737149030568
0,0,0.08774822978440971,Low Risk,1,-0.43991649313097614,1,1,1.1657772395230555,1,2,0,0,0,2,2,2,2,2,0.8297975015331794,0,0.5396954151350245,1.1894493320946287,3,0.3128238685109043,0.8106642156825693,0.6757737149030568
0,0,0.43058787780698227,Medium Risk,1,-0.43991649313097614,0,0,0.880734693482843,1,0,1,2,0,2,0,2,0,0,-1.2051132934870794,3,0.8321716871642622,1.0529658686334196,3,0.3881173557402195,0.8106642156825693,0.6757737149030568
0,1,0.6418266388784236,Medium Risk,0,-0.43991649313097614,0,0,-1.2774445836787656,1,0,0,0,2,0,0,0,0,0,-1.2051132934870794,2,-0.4922805219681379,-0.9853681924164784,0,-0.5932669180569747,0.8106642156825693,0.6757737149030568
1,1,0.7889167532536258,High Risk,1,2.273158691738958,0,0,-0.5444780367182193,1,2,1,0,0,2,0,0,0,0,0.8297975015331794,2,0.5014740841312035,-0.3576722896212423,1,0.20345828497885807,0.8106642156825693,0.6757737149030568
0,0,0.05075518760146735,Low Risk,1,-0.43991649313097614,1,0,-0.3408762181180675,1,0,2,1,1,1,1,1,1,2,-1.2051132934870794,3,-1.4960059100684764,-0.794119166469864,1,-0.6858501152171582,-1.2335563611353098,-1.4797852860309242
0,1,0.7512808567219186,High Risk,0,2.273158691738958,0,1,0.025607055362205634,1,2,1,0,2,2,0,2,2,0,0.8297975015331794,0,1.3489905542159264,0.5223292879858362,2,0.6676974663282051,0.8106642156825693,0.6757737149030568
0,1,0.6002389389025418,Medium Risk,0,-0.43991649313097614,1,0,-0.055833672077855064,1,0,1,0,2,0,0,0,2,0,0.8297975015331794,0,0.6344178441444933,0.17316295691201974,2,0.36701845056737253,0.8106642156825693,0.6757737149030568
0,1,0.5265504899856915,Medium Risk,1,-0.43991649313097614,1,0,1.0843365120829946,0,1,0,0,0,0,0,2,2,0,0.8297975015331794,2,-0.6800635829869099,0.16989600679197134,3,-0.2741534464030409,-1.2335563611353098,-1.4797852860309242
0,1,0.6600598349188506,Medium Risk,0,2.273158691738958,1,0,-0.5037576729981889,1,0,1,0,0,0,0,2,2,1,0.8297975015331794,0,0.8720548151682491,-0.18648851812816816,1,0.44864427388406786,-1.2335563611353098,0.6757737149030568
0,1,0.677713856316626,Medium Risk,1,2.273158691738958,1,0,1.125056875803025,1,2,1,0,0,0,2,2,2,0,0.8297975015331794,2,1.1379423351948288,1.6493608574406247,3,0.6142824694645584,0.8106642156825693,0.6757737149030568
0,1,0.7090869278810197,High Risk,1,-0.43991649313097614,0,1,-0.5851984004382496,1,2,1,0,0,2,0,0,0,0,0.8297975015331794,1,0.5247392421335293,-0.3864126210827487,1,0.21077956108638568,0.8106642156825693,0.6757737149030568
0,0,0.2687796439671426,Low Risk,0,-0.43991649313097614,0,1,-0.5444780367182193,1,0,0,2,2,2,0,0,0,0,0.8297975015331794,2,-0.1383177609327537,-0.43446769142967623,1,0.06091228439456064,0.8106642156825693,0.6757737149030568
0,0,0.04126287701604568,Low Risk,0,-0.43991649313097614,1,1,-0.3408762181180675,1,0,2,1,1,1,1,1,1,2,-1.2051132934870794,3,-1.4976677070686424,-0.80762844669601,1,-0.705910627400565,-1.2335563611353098,-1.4797852860309242
0,0,0.14542405042902287,Low Risk,0,-0.43991649313097614,1,1,-0.9516816739185228,1,0,2,1,1,1,1,1,1,1,-1.2051132934870794,3,-1.479387940066815,-0.9313310715118949,0,-0.7201201568638114,-1.2335563611353098,-1.4797852860309242
0,0,0.1539192589745194,Low Risk,0,-0.43991649313097614,1,1,0.025607055362205634,1,2,2,1,1,1,1,1,1,0,-1.2051132934870794,0,-1.3464441800535252,-0.6372393387456503,2,-0.5984006275618113,-1.2335563611353098,-1.4797852860309242
0,0,0.32736959178392877,Medium Risk,0,-0.43991649313097614,0,0,-1.2367242199587352,1,0,2,1,1,1,1,1,1,0,-1.2051132934870794,3,-1.5076384890696393,-0.9804677672364058,0,-0.6690674645016284,-1.2335563611353098,-1.4797852860309242
0,0,0.2071862160951613,Low Risk,1,-0.43991649313097614,1,0,1.4100994218432374,1,2,1,0,2,2,0,0,2,2,0.8297975015331794,2,0.9435120861753926,1.8040112124477785,3,0.5322687634752609,0.8106642156825693,0.6757737149030568
0,0,0.17192365100825427,Low Risk,0,-0.43991649313097614,0,0,0.7992939660427822,1,0,0,2,0,0,0,0,0,0,0.8297975015331794,0,-0.4989277099688025,0.11197386412300604,3,-0.21851612877552778,0.8106642156825693,0.6757737149030568
0,0,0.4013154570428392,Medium Risk,0,-0.43991649313097614,0,0,-1.1145631287986442,1,0,2,1,1,1,1,1,1,0,0.8297975015331794,1,-1.4993295040688086,-0.966781895111879,0,-0.7511505787597128,-1.2335563611353098,-1.4797852860309242
0,0,0.46538268245012865,Medium Risk,0,-0.43991649313097614,1,1,-1.2774445836787656,1,0,2,1,1,1,1,1,1,0,0.8297975015331794,3,-1.5076384890696393,-0.9988553986553266,0,-0.8436135876660742,-1.2335563611353098,-1.4797852860309242
0,0,0.019725462413266236,Low Risk,1,-0.43991649313097614,0,0,1.4100994218432374,1,0,2,1,1,1,1,1,1,2,0.8297975015331794,3,-1.4943441130683104,-0.4285077148593177,3,-0.6865413583561193,-1.2335563611353098,-1.4797852860309242
1,0,0.3559301062133936,Medium Risk,0,-0.43991649313097614,0,0,1.247217966963116,1,2,1,0,2,0,0,2,2,1,-1.2051132934870794,0,1.1678546811978192,1.7019410951835652,3,0.5689910552325695,0.8106642156825693,0.6757737149030568
0,1,0.646280472452406,Medium Risk,1,2.273158691738958,0,0,-1.2367242199587352,1,0,0,0,0,2,0,0,0,0,-1.2051132934870794,3,-0.4922805219681379,-0.9601376249352942,0,-0.4174915968420752,0.8106642156825693,0.6757737149030568
1,1,0.5562871607332953,Medium Risk,1,2.273158691738958,1,0,-0.30015585439803716,1,2,1,2,0,0,0,0,2,1,0.8297975015331794,2,0.8072447321617703,-0.04612003290257722,2,0.3699831029166241,0.8106642156825693,0.6757737149030568
0,0,0.0783510492026212,Low Risk,1,-0.43991649313097614,0,0,-0.5444780367182193,1,0,2,1,1,1,1,1,1,2,0.8297975015331794,3,-1.4893587220678117,-0.8425274206135535,1,-0.6965195542950975,-1.2335563611353098,-1.4797852860309242
0,0,0.037560486041775164,Low Risk,1,-0.43991649313097614,0,1,1.2064976032430856,1,0,0,2,2,0,0,0,0,1,-1.2051132934870794,0,-0.28621769394753876,0.5324391741681479,3,-0.09520757466117702,0.8106642156825693,0.6757737149030568
0,1,0.6921948627333712,Medium Risk,1,2.273158691738958,0,0,-0.38159658183809786,0,1,0,0,0,0,0,0,2,0,0.8297975015331794,0,-1.0007904040189717,-0.6681649949496214,1,-0.47782473448518453,-1.2335563611353098,-1.4797852860309242
0,0,0.016588529934745997,Low Risk,1,-0.43991649313097614,1,0,1.5322605130033284,1,0,0,2,2,2,2,0,0,2,-1.2051132934870794,1,0.006258578081699082,0.9895031551527506,3,0.041535968083744566,0.8106642156825693,0.6757737149030568
0,1,0.7049817173941255,High Risk,1,-0.43991649313097614,0,0,-0.13727439951791576,1,0,1,0,0,0,2,2,2,0,0.8297975015331794,2,0.9784098231788811,0.14378247981888212,2,0.42196872508120287,0.8106642156825693,0.6757737149030568
1,1,0.6984928144089065,Medium Risk,1,-0.43991649313097614,1,0,-0.015113308357824713,1,2,1,0,0,2,0,0,0,0,0.8297975015331794,2,0.46989994112804756,0.07330023837756863,2,0.21317391603421273,0.8106642156825693,0.6757737149030568
1,0,0.23568545545598912,Low Risk,0,-0.43991649313097614,0,0,-0.055833672077855064,1,2,0,2,0,2,2,0,0,0,-1.2051132934870794,1,0.016229360082695727,-0.12697704837377388,2,0.018822494483603593,0.8106642156825693,0.6757737149030568
0,0,0.18028105069052297,Low Risk,0,-0.43991649313097614,0,0,1.0843365120829946,1,0,1,0,0,2,0,2,2,2,-1.2051132934870794,2,1.0315873271841969,1.4893465235201484,3,0.5422252676839371,0.8106642156825693,0.6757737149030568
0,0,0.34445415341271707,Medium Risk,1,-0.43991649313097614,0,0,-0.015113308357824713,1,0,0,0,0,0,0,2,2,1,0.8297975015331794,0,0.0029349840813665527,-0.11962641060366504,2,-0.003860244793395024,-1.2335563611353098,0.6757737149030568
0,1,0.7518756662552986,High Risk,1,-0.43991649313097614,1,0,-0.62591876415828,0,1,0,0,2,0,0,2,2,0,0.8297975015331794,3,-0.4972659129686364,-0.6381885201994482,1,-0.24107891367508838,0.8106642156825693,-1.4797852860309242
0,0,0.20175344061894254,Low Risk,1,-0.43991649313097614,0,0,-0.2594354906780068,1,0,2,1,1,1,1,1,1,0,-1.2051132934870794,3,-1.4577845790646555,-0.7786011533996344,2,-0.6879758690802147,-1.2335563611353098,-1.4797852860309242
0,1,0.8395299902283663,High Risk,1,-0.43991649313097614,0,0,-0.8295205827584317,1,2,1,0,0,0,0,2,2,0,-1.2051132934870794,2,0.9900424021800438,-0.48932154986427184,0,0.47692333330610837,-1.2335563611353098,0.6757737149030568
0,0,0.24718878968063326,Low Risk,1,-0.43991649313097614,1,1,1.1657772395230555,1,0,1,0,2,0,2,2,2,1,0.8297975015331794,0,1.1196625681930017,1.7055612291003754,3,0.6218548321416711,0.8106642156825693,0.6757737149030568
0,0,0.01262642145894465,Low Risk,0,-0.43991649313097614,1,0,1.5729808767233588,1,0,2,1,1,1,1,1,1,2,-1.2051132934870794,3,-1.5009913010689746,-0.3820640455851168,3,-0.6801530098825733,-1.2335563611353098,-1.4797852860309242
0,0,0.38923562258461536,Medium Risk,0,-0.43991649313097614,0,0,-0.9516816739185228,1,0,2,1,1,1,1,1,1,0,0.8297975015331794,1,-1.4727407520661506,-0.9422797692115162,0,-0.760765639065485,-1.2335563611353098,-1.4797852860309242
1,1,0.8630440681126654,High Risk,1,2.273158691738958,1,0,-0.3408762181180675,1,2,1,0,2,2,0,2,2,0,0.8297975015331794,2,1.3124310202122718,0.06709744794693641,1,0.5930075364750204,0.8106642156825693,0.6757737149030568
0,1,0.9109531197740168,High Risk,0,2.273158691738958,0,0,-1.0331224013585834,1,0,1,0,0,0,0,2,2,0,0.8297975015331794,2,0.8105683261621028,-0.7538562136389979,0,0.17405996493883694,-1.2335563611353098,0.6757737149030568
0,0,0.1645678476822693,Low Risk,1,-0.43991649313097614,0,1,0.35136996512244845,1,0,1,2,2,2,2,2,2,2,0.8297975015331794,2,1.541759006235197,0.9823953312429154,2,0.7561974305396856,0.8106642156825693,0.6757737149030568
1,1,0.7969787554684825,High Risk,1,-0.43991649313097614,1,1,-0.5037576729981889,1,0,1,0,0,0,0,2,2,0,0.8297975015331794,2,0.8454660631655913,-0.2231092630549264,1,0.3839065098934988,-1.2335563611353098,0.6757737149030568
0,1,0.71463445110951,High Risk,1,-0.43991649313097614,1,0,0.025607055362205634,1,0,1,0,0,0,0,2,2,0,-1.2051132934870794,2,0.8803638001690798,0.30114793526364375,2,0.42619620229786187,-1.2335563611353098,0.6757737149030568
0,0,0.08342727586820306,Low Risk,1,-0.43991649313097614,0,0,0.9621754209229036,1,0,0,0,2,2,2,2,2,2,0.8297975015331794,1,0.5662841671376824,0.9944477283074182,3,0.30120828316070936,0.8106642156825693,0.6757737149030568
1,1,0.928483305063925,High Risk,1,-0.43991649313097614,1,1,-1.2774445836787656,1,2,1,0,0,0,0,0,0,0,0.8297975015331794,2,0.3236618051134285,-0.974529864653345,0,-0.39208817046602906,-1.2335563611353098,0.6757737149030568
1,1,0.8650021134893682,High Risk,1,-0.43991649313097614,0,0,-1.1552834925186746,1,2,1,0,0,0,0,0,0,0,0.8297975015331794,2,0.37517751211857825,-0.8666322147425588,0,0.04272015324784365,-1.2335563611353098,0.6757737149030568
1,1,0.5732047995279225,Medium Risk,0,-0.43991649313097614,0,0,0.880734693482843,1,2,1,0,2,2,2,2,2,0,-1.2051132934870794,2,1.5400972092350305,1.64801434421547,3,0.7897596811473014,0.8106642156825693,0.6757737149030568
0,1,0.584590680578136,Medium Risk,0,-0.43991649313097614,1,1,-0.9924020376385531,1,0,0,0,0,0,2,2,2,0,0.8297975015331794,2,0.12590796209365976,-0.7582710110985227,0,0.025110753028749436,0.8106642156825693,0.6757737149030568
0,0,0.3137205055681453,Medium Risk,1,-0.43991649313097614,1,0,1.0436161483629645,0,1,0,0,0,0,0,2,2,1,0.8297975015331794,1,-0.6567984249845842,0.17987344905049735,3,-0.2555291282958349,-1.2335563611353098,-1.4797852860309242
0,1,0.7321359925733536,High Risk,1,-0.43991649313097614,1,0,0.06632741908223598,1,2,1,0,0,2,0,2,2,0,-1.2051132934870794,2,1.1994288242009752,0.5498114021713781,2,0.6491245248050731,0.8106642156825693,0.6757737149030568
1,1,0.7579980908851007,High Risk,0,2.273158691738958,0,0,-1.2367242199587352,0,1,0,0,0,2,0,0,0,0,0.8297975015331794,2,-1.1420431490330922,-0.9726977237076422,0,-0.5729168614439055,0.8106642156825693,-1.4797852860309242
1,1,0.6848635754078224,Medium Risk,1,-0.43991649313097614,0,1,-0.30015585439803716,1,0,1,0,2,0,0,2,2,0,0.8297975015331794,2,1.0349109211845293,0.0736534221743307,2,0.5409992214233562,0.8106642156825693,0.6757737149030568
0,0,0.20618056241378027,Low Risk,0,-0.43991649313097614,1,0,1.4508197855632678,1,2,1,0,0,2,0,2,0,2,0.8297975015331794,0,0.8371570781647607,1.6301123405170967,3,0.4164628679199431,0.8106642156825693,0.6757737149030568
0,0,0.24662594264607507,Low Risk,0,-0.43991649313097614,1,0,1.5729808767233588,1,2,1,0,2,2,0,2,2,2,0.8297975015331794,0,1.3423433662152622,2.3279593749441823,3,0.7171492554342632,0.8106642156825693,0.6757737149030568
1,1,0.7144525561352063,High Risk,0,-0.43991649313097614,0,1,-1.2774445836787656,1,0,0,0,0,2,0,0,2,0,-1.2051132934870794,2,-0.18484807693740507,-0.981284504766418,0,-0.517466371612321,0.8106642156825693,0.6757737149030568
1,1,0.7786028788216662,High Risk,1,-0.43991649313097614,0,0,-0.7888002190384014,1,2,1,2,0,0,0,2,2,0,-1.2051132934870794,3,1.109691786192005,-0.46428964826876623,1,0.4376205135903151,0.8106642156825693,0.6757737149030568
1,1,0.7368916293427458,High Risk,1,-0.43991649313097614,1,1,-1.1145631287986442,1,2,1,2,0,2,0,0,0,0,0.8297975015331794,2,0.6560212051466532,-0.807098671000867,0,0.23685149868285404,0.8106642156825693,0.6757737149030568
0,0,0.0921144282372814,Low Risk,0,-0.43991649313097614,0,0,-0.4223169455581282,1,0,2,1,1,1,1,1,1,1,-1.2051132934870794,0,-1.4594463760648215,-0.8084672582133197,1,-0.6814663317931627,-1.2335563611353098,-1.4797852860309242
0,0,0.08628821387102907,Low Risk,0,-0.43991649313097614,1,1,-0.9109613101984924,1,2,2,1,1,1,1,1,1,2,-1.2051132934870794,1,-1.2849576910473786,-0.9078443490272228,0,-0.666534571549178,-1.2335563611353098,-1.4797852860309242
0,1,0.6373711588456656,Medium Risk,1,2.273158691738958,1,0,0.9214550572028734,1,2,1,0,0,0,0,0,0,0,0.8297975015331794,2,0.3070438351117673,0.7816324167710254,3,0.18341065010836077,-1.2335563611353098,0.6757737149030568
0,0,0.10548516393674037,Low Risk,0,-0.43991649313097614,1,1,-0.21871512695797646,1,0,2,1,1,1,1,1,1,1,0.8297975015331794,3,-1.4694171580658184,-0.7499049699127232,2,-0.6611654770344251,-1.2335563611353098,-1.4797852860309242
0,0,0.31504757891091306,Medium Risk,0,-0.43991649313097614,0,0,-0.9109613101984924,1,0,2,1,1,1,1,1,1,0,-1.2051132934870794,3,-1.5259182560714666,-0.9353706111873601,0,-0.7594321454228715,-1.2335563611353098,-1.4797852860309242
0,0,0.21340486258682603,Low Risk,1,-0.43991649313097614,0,0,-0.38159658183809786,1,0,2,1,1,1,1,1,1,0,-1.2051132934870794,2,-1.4594463760648215,-0.7982028541199244,1,-0.6789693376858399,-1.2335563611353098,-1.4797852860309242
0,0,0.07865198247949935,Low Risk,1,-0.43991649313097614,1,1,1.5322605130033284,1,2,0,0,2,2,2,2,2,2,0.8297975015331794,2,0.642726829145324,1.63249633114524,3,0.37773606209003563,0.8106642156825693,0.6757737149030568
1,1,0.5266098227888326,Medium Risk,0,-0.43991649313097614,0,1,-1.1145631287986442,1,0,0,0,0,0,0,0,0,0,-1.2051132934870794,3,-0.6235624849812617,-0.9095440460491401,0,-0.39700496266784446,-1.2335563611353098,0.6757737149030568
0,0,0.05424969124580116,Low Risk,0,-0.43991649313097614,0,0,-0.3408762181180675,1,0,2,1,1,1,1,1,1,2,0.8297975015331794,0,-1.502653098069141,-0.7998363291799486,1,-0.6943397764189594,-1.2335563611353098,-1.4797852860309242
0,0,0.20087218657834077,Low Risk,0,-0.43991649313097614,0,0,-0.9924020376385531,1,0,2,1,1,1,1,1,1,1,0.8297975015331794,0,-1.481049737066981,-0.9451935355348028,0,-0.7459151055818538,-1.2335563611353098,-1.4797852860309242
0,1,0.576815301801815,Medium Risk,1,-0.43991649313097614,1,0,-0.5444780367182193,1,2,1,2,2,0,2,0,0,0,0.8297975015331794,1,0.7989357471609396,-0.2691114525831748,1,0.36784303759288517,0.8106642156825693,0.6757737149030568
0,1,0.5179338601513882,Medium Risk,1,2.273158691738958,1,0,0.43281069256250915,1,0,1,0,2,2,0,2,2,1,0.8297975015331794,0,1.1894580421999785,0.8927087208526693,2,0.6005823763398775,0.8106642156825693,0.6757737149030568
0,1,0.7159058415836027,High Risk,1,2.273158691738958,0,0,1.4100994218432374,1,2,1,0,0,2,0,2,2,0,0.8297975015331794,1,1.217708591202803,2.0127649103214087,3,0.6462347042903787,0.8106642156825693,0.6757737149030568
0,1,0.7254000700935529,High Risk,1,-0.43991649313097614,0,0,-1.1552834925186746,1,0,0,0,0,0,0,0,2,0,0.8297975015331794,3,-0.31446824295036285,-0.9021271863171383,0,-0.22081990876946017,-1.2335563611353098,0.6757737149030568
0,0,0.1577845922967083,Low Risk,1,-0.43991649313097614,1,0,1.0843365120829946,1,2,1,2,2,2,2,2,2,2,-1.2051132934870794,2,1.6281724502438353,1.889238877403905,3,0.7896491774841797,0.8106642156825693,0.6757737149030568
0,0,0.019560702402434894,Low Risk,1,-0.43991649313097614,1,0,1.6137012404433893,1,2,2,1,1,1,1,1,1,2,-1.2051132934870794,3,-1.3082228490497045,-0.25209240837670666,3,-0.6184738972560077,-1.2335563611353098,-1.4797852860309242
0,0,0.2546820512473851,Low Risk,1,-0.43991649313097614,0,1,-0.5444780367182193,1,0,2,1,1,1,1,1,1,0,0.8297975015331794,2,-1.4876969250676457,-0.8407394276424459,1,-0.6932007195588721,-1.2335563611353098,-1.4797852860309242
1,1,0.8441644817006047,High Risk,0,-0.43991649313097614,0,0,-1.2774445836787656,1,0,1,0,0,2,0,0,0,0,-1.2051132934870794,0,0.29042586511010604,-0.9749713443992974,0,-0.40028282413572136,0.8106642156825693,0.6757737149030568
1,0,0.4343733895477328,Medium Risk,0,-0.43991649313097614,1,1,-0.0965540357978854,0,1,0,0,0,0,2,2,2,0,-1.2051132934870794,1,-0.4507355969639848,-0.3180494824220072,2,-0.1770445975532976,0.8106642156825693,-1.4797852860309242
1,1,0.8257783396101813,High Risk,0,-0.43991649313097614,1,0,-1.2367242199587352,1,0,1,2,0,0,0,0,0,0,0.8297975015331794,2,0.32033821111309646,-0.945877829141029,0,-0.24103338782136785,0.8106642156825693,0.6757737149030568
0,0,0.049583913278631396,Low Risk,1,-0.43991649313097614,1,1,1.125056875803025,1,0,0,2,2,2,2,0,0,1,0.8297975015331794,0,0.03617092408468901,0.7268447802983226,3,0.052854656081312366,0.8106642156825693,0.6757737149030568
0,1,0.700550570578855,High Risk,1,-0.43991649313097614,0,0,0.47353105628253944,1,2,1,2,2,2,0,2,2,0,0.8297975015331794,2,1.5533915852363596,1.1625190675915273,2,0.7875413304569198,0.8106642156825693,0.6757737149030568
0,1,0.7123850468734154,High Risk,0,-0.43991649313097614,0,0,-1.2774445836787656,1,0,0,0,2,0,0,0,0,0,0.8297975015331794,2,-0.5371490409726233,-0.9859641900735143,0,-0.6043297005110593,0.8106642156825693,0.6757737149030568
0,1,0.6852235956302266,Medium Risk,1,-0.43991649313097614,1,0,-1.1960038562387048,0,1,0,0,0,0,2,0,0,0,0.8297975015331794,2,-1.1586611190347533,-0.9666935991626885,0,-0.6246114683435477,0.8106642156825693,-1.4797852860309242
0,0,0.017545390361147918,Low Risk,1,2.273158691738958,1,0,1.5729808767233588,1,2,2,1,1,1,1,1,1,2,-1.2051132934870794,0,-1.3265026160515319,-0.16816710867114024,3,-0.5698666292446312,-1.2335563611353098,-1.4797852860309242
0,1,0.5684292046951447,Medium Risk,0,-0.43991649313097614,0,0,-1.2367242199587352,1,0,0,0,2,0,0,0,0,0,-1.2051132934870794,3,-0.5172074769706297,-0.9616386560715326,0,-0.43606614516004427,0.8106642156825693,0.6757737149030568
0,1,0.5769797476408479,Medium Risk,0,-0.43991649313097614,0,0,-1.2774445836787656,0,1,0,0,0,0,0,0,0,1,-1.2051132934870794,3,-1.2932666760482092,-0.9960078542939332,0,-0.7907580714965587,-1.2335563611353098,-1.4797852860309242
0,0,0.14612347594458344,Low Risk,0,-0.43991649313097614,1,1,1.6137012404433893,1,2,1,2,2,2,2,2,2,2,0.8297975015331794,2,1.6863353452496495,2.7121129758847324,3,0.888949483613347,0.8106642156825693,0.6757737149030568
0,1,0.824194753651249,High Risk,0,-0.43991649313097614,0,0,-1.0738427650786138,1,0,1,0,2,0,0,0,2,0,0.8297975015331794,3,0.7042133181514708,-0.7802346284596586,0,0.20225835354865312,0.8106642156825693,0.6757737149030568
1,1,0.9326106881377993,High Risk,0,-0.43991649313097614,0,0,-1.2774445836787656,1,0,1,0,0,2,0,2,0,0,0.8297975015331794,1,0.6909189421501416,-0.96965151346057,0,-0.3015372474159293,0.8106642156825693,0.6757737149030568
0,1,0.8190193743713559,High Risk,1,2.273158691738958,0,0,-0.5037576729981889,1,0,1,0,0,0,0,2,2,0,-1.2051132934870794,2,0.8371570781647607,-0.27966281851143904,1,0.2839317351232529,-1.2335563611353098,0.6757737149030568
1,1,0.9598662412579795,High Risk,1,-0.43991649313097614,0,0,-1.2774445836787656,1,0,1,0,0,0,0,2,2,0,0.8297975015331794,2,0.7839795741594444,-0.9684153701719032,0,-0.2785922171407909,-1.2335563611353098,0.6757737149030568
0,0,0.2561623511661592,Low Risk,1,-0.43991649313097614,0,0,-0.8295205827584317,1,0,2,1,1,1,1,1,1,0,-1.2051132934870794,1,-1.4860351280674797,-0.890229307163719,0,-0.6679328201473632,-1.2335563611353098,-1.4797852860309242
0,1,0.7351760819390987,High Risk,1,-0.43991649313097614,0,0,-0.9516816739185228,0,1,0,0,0,0,0,0,0,0,0.8297975015331794,2,-1.3231790220511994,-0.9234285840593455,0,-0.690783296726313,-1.2335563611353098,-1.4797852860309242
0,0,0.30015032932866137,Medium Risk,0,-0.43991649313097614,0,0,-0.8295205827584317,1,0,2,1,1,1,1,1,1,0,-1.2051132934870794,3,-1.4843733310673135,-0.9087052345318303,0,-0.7206937826206898,-1.2335563611353098,-1.4797852860309242
0,1,0.6775143760762181,Medium Risk,0,-0.43991649313097614,0,0,-1.2774445836787656,1,0,0,0,0,0,2,0,0,0,0.8297975015331794,2,-0.49394231896830415,-0.985390266403776,0,-0.5936766507404594,0.8106642156825693,0.6757737149030568
0,0,0.13930050771177865,Low Risk,1,-0.43991649313097614,0,0,-0.62591876415828,1,0,2,1,1,1,1,1,1,1,0.8297975015331794,0,-1.4993295040688086,-0.8522179010372104,1,-0.6824975913491795,-1.2335563611353098,-1.4797852860309242
0,1,0.7109516515516008,High Risk,0,-0.43991649313097614,0,0,-0.8295205827584317,1,2,1,0,0,0,2,0,0,0,0.8297975015331794,1,0.4915033021302069,-0.5843721391678408,0,0.20549118944691636,0.8106642156825693,0.6757737149030568
1,1,0.8808722576937789,High Risk,1,-0.43991649313097614,0,0,-0.8295205827584317,1,2,1,0,2,2,0,2,2,0,0.8297975015331794,2,1.393859073220412,-0.45384865227699,0,0.5782218598229971,0.8106642156825693,0.6757737149030568
1,0,0.4684174454240831,Medium Risk,0,-0.43991649313097614,0,0,-0.7073594915983407,1,2,0,2,0,0,0,0,0,0,0.8297975015331794,3,-0.3011738669490337,-0.6101766303187632,1,-0.08089619735946446,0.8106642156825693,0.6757737149030568
0,0,0.16249346905964074,Low Risk,1,-0.43991649313097614,1,0,1.5729808767233588,1,2,1,2,2,2,0,2,0,2,0.8297975015331794,2,1.1379423351948288,2.0805541253124122,3,0.5895858133093866,0.8106642156825693,0.6757737149030568
1,1,0.7679048333095465,High Risk,0,-0.43991649313097614,1,0,-0.0965540357978854,1,2,1,0,0,0,0,0,2,0,0.8297975015331794,2,0.6726391751483144,0.15113311758899095,2,0.38481786615415275,-1.2335563611353098,0.6757737149030568
0,0,0.08927790619340131,Low Risk,1,-0.43991649313097614,0,1,0.025607055362205634,1,0,2,1,1,1,1,1,1,1,0.8297975015331794,3,-1.4827115340671475,-0.7062646970253205,2,-0.6737673394004225,-1.2335563611353098,-1.4797852860309242
0,0,0.41979971648884984,Medium Risk,0,-0.43991649313097614,0,0,-1.2774445836787656,1,0,2,1,1,1,1,1,1,0,-1.2051132934870794,3,-1.491020519067978,-0.9986346587823504,0,-0.839516260831228,-1.2335563611353098,-1.4797852860309242
0,0,0.44063720772448217,Medium Risk,0,-0.43991649313097614,1,1,1.2064976032430856,1,2,0,0,0,0,0,2,2,0,0.8297975015331794,1,0.18905624809997262,0.8911414677545378,3,0.11616246046977477,-1.2335563611353098,0.6757737149030568
0,0,0.14365423192209312,Low Risk,0,-0.43991649313097614,1,1,1.6137012404433893,1,2,1,2,2,2,2,2,2,2,0.8297975015331794,1,1.7295420672539685,2.726063735856831,3,0.8960440330917655,0.8106642156825693,0.6757737149030568
0,0,0.19630561850299325,Low Risk,0,-0.43991649313097614,1,1,-0.0965540357978854,1,0,0,2,0,0,2,0,2,0,-1.2051132934870794,0,0.051127097086184216,-0.15823381438720943,2,0.014340217184031985,0.8106642156825693,0.6757737149030568
0,0,0.20732616744214327,Low Risk,0,-0.43991649313097614,0,1,-1.1960038562387048,1,0,2,1,1,1,1,1,1,1,0.8297975015331794,1,-1.4694171580658184,-0.9820791683091323,0,-0.7674033085379358,-1.2335563611353098,-1.4797852860309242
0,0,0.4504738802152721,Medium Risk,0,-0.43991649313097614,1,1,-0.1779947632379461,1,2,1,0,0,0,2,0,2,1,0.8297975015331794,2,0.8537750481664219,0.10036294680445573,2,0.41550907739536963,0.8106642156825693,0.6757737149030568
0,1,0.6659120652802218,Medium Risk,1,-0.43991649313097614,0,0,-0.0965540357978854,1,2,1,2,2,0,0,0,2,0,0.8297975015331794,1,0.9817334171792131,0.17561316950205588,2,0.41413357879830986,0.8106642156825693,0.6757737149030568
1,0,0.2522946395550247,Low Risk,0,-0.43991649313097614,1,1,-0.8295205827584317,1,0,2,1,1,1,1,1,1,0,-1.2051132934870794,3,-1.5209328650709681,-0.904312511059603,0,-0.7081496589263147,-1.2335563611353098,-1.4797852860309242
0,0,0.07545487507333035,Low Risk,1,-0.43991649313097614,0,0,0.758573602322752,1,2,2,1,1,1,1,1,1,1,0.8297975015331794,0,-1.3348116010523623,-0.44833015545258403,3,-0.6034471993466308,-1.2335563611353098,-1.4797852860309242
0,0,0.20445045051287275,Low Risk,0,-0.43991649313097614,0,0,-0.7073594915983407,0,1,0,2,2,2,2,0,0,1,-1.2051132934870794,3,-0.626886078981594,-0.7012759758960575,1,-0.2922670454520898,0.8106642156825693,-1.4797852860309242
0,0,0.01880312034131521,Low Risk,1,-0.43991649313097614,1,1,1.6137012404433893,1,2,2,1,1,1,1,1,1,2,0.8297975015331794,1,-1.3181936310507012,-0.21681817667510356,3,-0.600535463606462,-1.2335563611353098,-1.4797852860309242
1,1,0.6393469570081235,Medium Risk,1,-0.43991649313097614,0,0,-0.015113308357824713,1,2,1,2,2,0,2,2,2,0,0.8297975015331794,1,1.4420511862252297,0.5081357141534639,2,0.7023450755471474,0.8106642156825693,0.6757737149030568
0,1,0.7268733558848133,High Risk,0,2.273158691738958,0,0,-1.0738427650786138,1,0,1,2,0,0,0,0,0,0,0.8297975015331794,2,0.31036742911209936,-0.8083568882768315,0,0.053115656760253344,0.8106642156825693,0.6757737149030568
0,0,0.057861259508764584,Low Risk,1,-0.43991649313097614,1,0,1.247217966963116,1,0,0,2,2,0,2,2,0,1,-1.2051132934870794,1,0.2006888271011353,0.9566349880665884,3,0.1366718575708659,0.8106642156825693,0.6757737149030568
1,1,0.9078854699630684,High Risk,0,2.273158691738958,0,0,-0.8702409464784621,1,2,1,0,0,0,0,2,2,0,0.8297975015331794,0,1.0099839661820376,-0.566977837177313,0,0.3599761700699807,-1.2335563611353098,0.6757737149030568
0,0,0.48540703659166495,Medium Risk,1,-0.43991649313097614,0,0,-0.5444780367182193,1,0,0,0,0,0,2,2,0,0,0.8297975015331794,1,-0.10674361792959748,-0.5247944474515536,1,-0.10675032968734352,0.8106642156825693,0.6757737149030568
0,0,0.12246694769744308,Low Risk,1,-0.43991649313097614,1,1,1.2879383306831464,1,0,0,2,0,2,0,2,2,1,0.8297975015331794,1,0.27546969210861083,1.0625239051332906,3,0.17962129816967215,0.8106642156825693,0.6757737149030568
0,0,0.2464964561369323,Low Risk,0,-0.43991649313097614,1,1,-1.0331224013585834,1,0,0,2,2,2,0,2,0,1,-1.2051132934870794,2,0.15582030809665018,-0.7968121929201742,0,-0.025274985576427985,0.8106642156825693,0.6757737149030568
0,0,0.376329812581291,Medium Risk,0,2.273158691738958,0,0,-1.1552834925186746,1,0,2,1,1,1,1,1,1,0,-1.2051132934870794,3,-1.4860351280674797,-0.9670467829594506,0,-0.7028294376207607,-1.2335563611353098,-1.4797852860309242
0,0,0.4083557665365017,Medium Risk,1,-0.43991649313097614,0,0,-1.0331224013585834,1,0,2,1,1,1,1,1,1,0,0.8297975015331794,3,-1.4893587220678117,-0.9423018431988139,0,-0.7004120147882014,-1.2335563611353098,-1.4797852860309242
0,1,0.828553112876635,High Risk,1,-0.43991649313097614,0,0,-1.1552834925186746,1,0,1,0,0,2,2,0,2,0,0.8297975015331794,2,0.8521132511662559,-0.8499663543328527,0,0.16645942366019728,0.8106642156825693,0.6757737149030568
0,1,0.7476823405257697,High Risk,0,-0.43991649313097614,0,0,-1.1960038562387048,1,0,1,2,0,0,0,0,0,0,0.8297975015331794,2,0.32532360211359457,-0.9042683630850078,0,-0.04524945389630294,0.8106642156825693,0.6757737149030568
0,0,0.12542493102266755,Low Risk,0,2.273158691738958,0,0,1.3286586944031769,0,1,0,0,2,2,0,2,2,2,0.8297975015331794,0,-0.3742929349563432,0.5456614925594248,3,-0.129014955385059,0.8106642156825693,-1.4797852860309242
0,0,0.07121041325032988,Low Risk,1,-0.43991649313097614,1,1,0.3920903288424788,1,0,0,2,0,0,2,0,2,1,-1.2051132934870794,1,-0.035286346922454,0.21254295025098088,2,0.0506518157067413,0.8106642156825693,0.6757737149030568
0,0,0.15540176295080127,Low Risk,1,-0.43991649313097614,0,0,-0.2594354906780068,1,0,0,2,0,0,2,2,2,1,-1.2051132934870794,0,0.3402797751150897,-0.16492223253838956,2,0.15580030377576792,0.8106642156825693,0.6757737149030568
0,0,0.06691894060346038,Low Risk,0,-0.43991649313097614,0,0,0.6364125111626608,1,2,2,1,1,1,1,1,1,1,-1.2051132934870794,1,-1.3198554280508674,-0.4902265833434744,2,-0.6107516331828181,-1.2335563611353098,-1.4797852860309242
0,0,0.19342878208304812,Low Risk,1,-0.43991649313097614,1,1,1.4915401492832983,1,2,1,0,0,0,2,2,2,2,0.8297975015331794,2,1.1495749141959914,2.0195636984090766,3,0.6027310783865151,0.8106642156825693,0.6757737149030568
0,0,0.2526766488394241,Low Risk,1,-0.43991649313097614,1,1,-0.62591876415828,0,1,0,2,0,2,0,2,0,1,-1.2051132934870794,1,-0.6750781919864114,-0.6577019249705477,1,-0.2813237683640216,0.8106642156825693,-1.4797852860309242
1,0,0.4596414910881252,Medium Risk,0,-0.43991649313097614,1,1,-1.2774445836787656,1,0,2,1,1,1,1,1,1,0,0.8297975015331794,2,-1.4544609850643233,-0.9981490310618027,0,-0.8305021417945665,-1.2335563611353098,-1.4797852860309242
1,1,0.73302107176776,High Risk,0,-0.43991649313097614,0,0,-1.1552834925186746,1,0,1,0,2,0,0,0,0,0,0.8297975015331794,0,0.395119076120572,-0.8601424624770575,0,0.09090471682563439,0.8106642156825693,0.6757737149030568
0,1,0.7020852634969049,High Risk,0,2.273158691738958,0,0,0.06632741908223598,1,2,1,0,2,0,2,2,0,0,0.8297975015331794,2,1.0498670941860242,0.40101065379809464,2,0.4912954951267997,0.8106642156825693,0.6757737149030568
0,1,0.8262301975573377,High Risk,0,-0.43991649313097614,0,0,-1.2367242199587352,1,0,1,0,0,0,0,0,0,0,-1.2051132934870794,2,0.1857326540996401,-0.9459440511029219,0,-0.24185285318833713,-1.2335563611353098,0.6757737149030568
1,1,0.6546585690197385,Medium Risk,0,-0.43991649313097614,1,1,-1.2774445836787656,1,0,0,0,0,2,0,0,0,0,-1.2051132934870794,3,-0.4756625519664766,-0.9851474525435022,0,-0.5891695912221285,0.8106642156825693,0.6757737149030568
0,0,0.29039555356709884,Low Risk,0,-0.43991649313097614,0,0,-0.8295205827584317,1,0,2,1,1,1,1,1,1,0,-1.2051132934870794,3,-1.477726143066649,-0.8985070524003279,0,-0.6915712441945525,-1.2335563611353098,-1.4797852860309242
0,1,0.5789027841585503,Medium Risk,1,-0.43991649313097614,0,0,0.22920887396235737,1,0,1,0,0,0,0,0,0,0,0.8297975015331794,1,0.1574821050968162,0.1515745973349434,2,0.10064164633982783,-1.2335563611353098,0.6757737149030568
0,0,0.0971217613263148,Low Risk,0,-0.43991649313097614,1,1,-0.055833672077855064,1,2,0,0,2,0,2,2,2,2,-1.2051132934870794,0,0.5247392421335293,0.08374123436934483,2,0.26327925676761166,0.8106642156825693,0.6757737149030568
1,0,0.15516146037662532,Low Risk,0,-0.43991649313097614,1,1,1.4100994218432374,1,2,1,2,0,2,2,2,2,2,0.8297975015331794,1,1.461992750227223,2.1518972522583324,3,0.7221919132316587,0.8106642156825693,0.6757737149030568
0,1,0.7753414659533469,High Risk,1,-0.43991649313097614,1,1,-0.4223169455581282,1,2,1,0,0,2,0,2,0,0,0.8297975015331794,2,0.7972739501607736,-0.17516456264448702,1,0.3407276411784535,0.8106642156825693,0.6757737149030568
0,0,0.26272676111512633,Low Risk,0,-0.43991649313097614,1,0,1.247217966963116,1,2,1,0,0,0,2,0,0,1,0.8297975015331794,1,0.5463426031356892,1.1845709809018539,3,0.26888747287280745,0.8106642156825693,0.6757737149030568
0,0,0.03125005424785873,Low Risk,0,-0.43991649313097614,0,0,1.5322605130033284,1,0,0,2,0,2,2,2,2,2,-1.2051132934870794,0,0.4931650991303729,1.4602088602872847,3,0.2876525805520802,0.8106642156825693,0.6757737149030568
0,0,0.4303961107276199,Medium Risk,1,-0.43991649313097614,0,0,-1.2774445836787656,1,0,2,1,1,1,1,1,1,0,-1.2051132934870794,3,-1.4727407520661506,-0.9983918449220767,0,-0.8350092013128971,-1.2335563611353098,-1.4797852860309242
1,0,0.4011166873496765,Medium Risk,0,-0.43991649313097614,1,1,0.6771328748826912,1,2,1,0,2,0,0,2,2,1,-1.2051132934870794,3,1.1861344481996465,1.174284502821161,3,0.6172637113373094,0.8106642156825693,0.6757737149030568
0,0,0.11648021955775786,Low Risk,0,2.273158691738958,1,0,1.5729808767233588,1,0,1,0,2,2,0,0,2,2,-1.2051132934870794,1,0.8205391081630994,1.8336124294138925,3,0.4622613819165427,0.8106642156825693,0.6757737149030568
0,0,0.13338772904364316,Low Risk,0,-0.43991649313097614,1,1,-0.38159658183809786,1,0,0,2,2,2,2,0,0,1,0.8297975015331794,3,0.04946530008601819,-0.3302784713848909,1,0.044823447689731406,0.8106642156825693,0.6757737149030568
0,0,0.05965558385620368,Low Risk,1,-0.43991649313097614,1,1,1.6137012404433893,1,2,0,2,2,2,2,2,2,2,0.8297975015331794,1,0.8654076271675846,1.8169907169787818,3,0.4337420850384266,0.8106642156825693,0.6757737149030568
0,0,0.04995312020529658,Low Risk,0,-0.43991649313097614,1,1,1.6137012404433893,1,2,0,2,0,2,0,2,0,2,0.8297975015331794,0,0.2222921881032951,1.2113908754684672,3,0.1257690392466349,0.8106642156825693,0.6757737149030568
1,1,0.7908907574352022,High Risk,0,-0.43991649313097614,0,0,-1.2367242199587352,1,0,1,0,0,0,0,0,0,0,-1.2051132934870794,0,0.1657910900976468,-0.9436042084493738,0,-0.21289841022209097,-1.2335563611353098,0.6757737149030568
0,0,0.15669656428073064,Low Risk,0,-0.43991649313097614,0,0,0.3920903288424788,1,0,0,2,2,2,0,0,0,0,-1.2051132934870794,0,-0.1698919039359101,0.11241534386895852,2,-0.03579225184145451,0.8106642156825693,0.6757737149030568
0,0,0.020377952914324444,Low Risk,0,-0.43991649313097614,1,1,0.5956921474426305,1,0,2,1,1,1,1,1,1,2,-1.2051132934870794,3,-1.4960059100684764,-0.5884999747924964,2,-0.6785937493926456,-1.2335563611353098,-1.4797852860309242
0,0,0.07361095728025156,Low Risk,1,-0.43991649313097614,0,1,-0.13727439951791576,1,0,2,1,1,1,1,1,1,1,-1.2051132934870794,3,-1.4926823160681442,-0.7712063676549303,2,-0.7102865724601806,-1.2335563611353098,-1.4797852860309242
0,0,0.04814307850928687,Low Risk,0,-0.43991649313097614,1,1,1.6137012404433893,0,1,0,2,2,2,2,2,2,2,0.8297975015331794,0,-0.03196275292212194,1.0606034682383976,3,0.049087286893665046,0.8106642156825693,-1.4797852860309242
1,1,0.9107895939119883,High Risk,1,-0.43991649313097614,0,0,-1.2774445836787656,1,0,1,0,0,0,0,0,0,0,0.8297975015331794,2,0.15914390209698223,-0.9767151893958097,0,-0.4326517061310059,-1.2335563611353098,0.6757737149030568
0,0,0.26321673344425095,Low Risk,1,-0.43991649313097614,0,0,0.3106496014024181,1,0,0,0,0,0,2,0,0,0,0.8297975015331794,2,-0.45405919096431707,-0.08344714542285929,2,-0.16597569006303184,0.8106642156825693,0.6757737149030568
1,1,0.74275591657233,High Risk,1,-0.43991649313097614,0,0,-1.2774445836787656,1,2,0,0,0,2,2,0,0,0,-1.2051132934870794,3,-0.09012564792793624,-0.9800262874904533,0,-0.4941116086536981,0.8106642156825693,0.6757737149030568
1,1,0.9455936447583297,High Risk,0,2.273158691738958,0,0,-1.2774445836787656,1,0,1,0,0,2,0,0,2,0,0.8297975015331794,2,0.6726391751483144,-0.969894327320844,0,-0.30604430693426005,0.8106642156825693,0.6757737149030568
1,0,0.1463944545409695,Low Risk,1,-0.43991649313097614,1,1,1.5322605130033284,1,2,1,0,2,0,0,2,2,2,-1.2051132934870794,0,1.114677177192503,2.020910211634232,3,0.5808249719096209,0.8106642156825693,0.6757737149030568
0,0,0.026480280650351826,Low Risk,1,-0.43991649313097614,0,0,0.6771328748826912,1,0,2,1,1,1,1,1,1,2,0.8297975015331794,1,-1.491020519067978,-0.5559629175157987,3,-0.6673957551530111,-1.2335563611353098,-1.4797852860309242
1,1,0.6895338925048866,Medium Risk,1,-0.43991649313097614,0,0,-0.62591876415828,1,0,1,0,0,2,0,0,0,0,0.8297975015331794,2,0.395119076120572,-0.4275143854309246,1,0.19341983423348483,0.8106642156825693,0.6757737149030568
0,0,0.4122573929076456,Medium Risk,1,-0.43991649313097614,0,0,0.025607055362205634,1,0,0,0,2,2,0,2,0,0,0.8297975015331794,1,0.05445069108651675,-0.01612148416510608,2,0.07977926937289931,0.8106642156825693,0.6757737149030568
1,1,0.8890276431287786,High Risk,1,2.273158691738958,1,0,-0.62591876415828,1,2,1,0,0,2,0,2,2,0,0.8297975015331794,1,1.1861344481996465,-0.2911412919062035,1,0.4746785585188126,0.8106642156825693,0.6757737149030568
0,0,0.34488243687816544,Medium Risk,1,-0.43991649313097614,1,1,-0.46303730927815856,1,2,0,2,0,0,0,2,2,1,0.8297975015331794,0,0.37019212111808014,-0.32323686943694885,1,0.1519250879242248,0.8106642156825693,0.6757737149030568
1,0,0.23986634491307604,Low Risk,0,-0.43991649313097614,0,0,0.10704778280226633,1,2,0,2,0,2,2,2,2,1,0.8297975015331794,1,0.7042133181514708,0.3656260521600033,2,0.4133097077035613,0.8106642156825693,0.6757737149030568
0,0,0.4229918881504324,Medium Risk,0,-0.43991649313097614,0,0,-0.8295205827584317,0,1,0,0,2,2,2,2,2,1,-1.2051132934870794,2,-0.13665596393258767,-0.6792682105603264,0,-0.06549970383006183,0.8106642156825693,-1.4797852860309242
0,0,0.46473274771340983,Medium Risk,0,-0.43991649313097614,1,0,-0.9516816739185228,1,0,0,0,2,0,0,0,0,0,-1.2051132934870794,3,-0.4623681759651477,-0.8014256562653777,0,-0.23786478840242012,0.8106642156825693,0.6757737149030568
0,0,0.011861766137340569,Low Risk,0,-0.43991649313097614,1,1,1.6137012404433893,1,2,2,1,1,1,1,1,1,2,-1.2051132934870794,0,-1.3397969920528607,-0.2528870719194212,3,-0.6188780171630061,-1.2335563611353098,-1.4797852860309242
0,1,0.5169295882412696,Medium Risk,1,2.273158691738958,1,0,-0.5851984004382496,1,0,0,2,0,0,0,0,2,0,0.8297975015331794,1,-0.18817167093773737,-0.5610620085815499,1,-0.13046306962206375,0.8106642156825693,0.6757737149030568
0,0,0.17454671748605957,Low Risk,0,-0.43991649313097614,1,0,1.0436161483629645,1,2,1,2,2,0,2,2,2,2,0.8297975015331794,1,1.4736253292283856,1.8152468719822692,3,0.7734693662343731,0.8106642156825693,0.6757737149030568
0,1,0.7504869792348264,High Risk,0,2.273158691738958,0,1,-0.0965540357978854,1,2,1,0,0,0,2,2,2,0,0.8297975015331794,2,1.2143849972024705,0.30576139860884705,2,0.569990604722522,0.8106642156825693,0.6757737149030568
0,0,0.13712045549379526,Low Risk,1,-0.43991649313097614,1,1,0.9621754209229036,1,2,1,2,2,2,2,2,2,2,-1.2051132934870794,3,1.697967924250812,1.8921747177144888,3,0.8858896342005612,0.8106642156825693,0.6757737149030568
1,1,0.8064674538532292,High Risk,1,-0.43991649313097614,0,0,-0.9109613101984924,1,0,1,0,0,2,0,2,2,0,0.8297975015331794,2,1.001674981181207,-0.5443740741845461,0,0.5601305859522148,0.8106642156825693,0.6757737149030568
1,1,0.8490686710592571,High Risk,0,-0.43991649313097614,1,0,-1.2367242199587352,0,1,0,0,0,0,0,0,2,0,0.8297975015331794,2,-0.9858342310174765,-0.9770683731925718,0,-0.6270015756638747,-1.2335563611353098,-1.4797852860309242
0,0,0.07693960597412636,Low Risk,0,-0.43991649313097614,1,1,-0.5851984004382496,1,2,2,1,1,1,1,1,1,2,0.8297975015331794,1,-1.3331498040521963,-0.7993286274721033,1,-0.5960056575728981,-1.2335563611353098,-1.4797852860309242
0,0,0.2421262857872902,Low Risk,0,-0.43991649313097614,1,1,0.758573602322752,0,1,0,0,0,2,2,2,2,1,0.8297975015331794,2,-0.28621769394753876,0.27240760380213713,3,-0.08890174363677919,0.8106642156825693,-1.4797852860309242
0,1,0.5582980013749643,Medium Risk,1,-0.43991649313097614,1,0,1.125056875803025,1,2,1,2,0,2,2,2,2,0,0.8297975015331794,0,1.4852579082295487,1.894360042456954,3,0.7633848646775334,0.8106642156825693,0.6757737149030568
0,0,0.18828691456454527,Low Risk,0,-0.43991649313097614,1,1,-0.3408762181180675,1,0,0,2,0,0,2,0,0,0,-1.2051132934870794,2,-0.3194536339508612,-0.42473306303142405,1,-0.13733277718263526,0.8106642156825693,0.6757737149030568
1,0,0.2679737639255268,Low Risk,1,-0.43991649313097614,1,0,1.5322605130033284,1,2,1,2,2,2,2,2,2,1,-1.2051132934870794,1,1.6913207362501481,2.510665767806616,3,0.8369021282046389,0.8106642156825693,0.6757737149030568
0,0,0.44607355243552793,Medium Risk,1,-0.43991649313097614,0,0,-0.8295205827584317,1,0,0,0,2,0,2,0,0,0,0.8297975015331794,3,-0.3659839499555126,-0.7210542685147285,0,-0.18482646842027337,0.8106642156825693,0.6757737149030568
0,0,0.12312854669408034,Low Risk,1,-0.43991649313097614,1,1,-0.30015585439803716,1,0,0,2,2,2,0,0,0,1,0.8297975015331794,0,-0.10508182092943122,-0.2961962349973595,2,0.012916828209147465,0.8106642156825693,0.6757737149030568
0,0,0.0933044496886673,Low Risk,1,-0.43991649313097614,0,0,0.14776814652229667,1,0,2,1,1,1,1,1,1,1,0.8297975015331794,1,-1.4760643460664828,-0.7002164245057716,2,-0.6943601523145704,-1.2335563611353098,-1.4797852860309242
0,1,0.7741268866553807,High Risk,1,-0.43991649313097614,1,1,-0.8702409464784621,1,0,1,0,0,0,0,2,2,0,-1.2051132934870794,2,0.85876043916692,-0.5570224689060846,0,0.3907744101119075,-1.2335563611353098,0.6757737149030568
1,1,0.7376262862792954,High Risk,1,-0.43991649313097614,1,1,-1.0331224013585834,1,0,1,0,2,0,2,2,0,0,0.8297975015331794,2,0.830509890164096,-0.738647236390935,0,0.24463641966906163,0.8106642156825693,0.6757737149030568
0,1,0.8283880377362977,High Risk,0,2.273158691738958,1,0,-0.2594354906780068,1,2,1,0,0,2,0,2,2,0,0.8297975015331794,0,1.1080299891918384,0.10100309243608675,2,0.5214336102897789,0.8106642156825693,0.6757737149030568
0,0,0.45769207629178316,Medium Risk,1,-0.43991649313097614,0,0,0.35136996512244845,1,0,1,0,0,0,2,0,0,0,0.8297975015331794,2,0.3153528201125979,0.3563549774950012,2,0.202843685953631,0.8106642156825693,0.6757737149030568
0,1,0.5310162797027065,Medium Risk,0,2.273158691738958,0,0,1.002895784642934,0,1,0,0,2,2,0,2,2,0,0.8297975015331794,2,-0.3244390249513595,0.35854030223746614,3,-0.1282909658680554,0.8106642156825693,-1.4797852860309242
1,0,0.49881411894574973,Medium Risk,0,-0.43991649313097614,1,1,-0.1779947632379461,1,0,1,0,0,0,0,2,2,1,0.8297975015331794,0,0.8421424691652587,0.13996368001639312,2,0.46620290044167284,-1.2335563611353098,0.6757737149030568
0,0,0.24215740827759005,Low Risk,0,-0.43991649313097614,0,0,-0.9109613101984924,1,0,0,0,2,0,2,0,2,1,-1.2051132934870794,3,0.004596781081533054,-0.7047636658890821,0,0.01883646264326783,0.8106642156825693,0.6757737149030568
0,0,0.19273168452431275,Low Risk,0,-0.43991649313097614,0,0,0.35136996512244845,1,2,0,0,2,0,0,0,0,1,0.8297975015331794,1,-0.28123230294704044,0.03623801370485801,2,-0.0801059986127441,0.8106642156825693,0.6757737149030568
0,1,0.5908095330006076,Medium Risk,0,-0.43991649313097614,0,0,-0.4223169455581282,1,0,1,2,0,0,2,0,2,0,0.8297975015331794,2,0.8072447321617703,-0.17467893492393932,1,0.34151147761642403,0.8106642156825693,0.6757737149030568
1,0,0.22603376865225783,Low Risk,0,-0.43991649313097614,0,0,1.002895784642934,1,2,1,2,2,2,0,2,2,2,0.8297975015331794,0,1.6015836982411773,1.8467464518559789,3,0.8242527509543315,0.8106642156825693,0.6757737149030568
0,0,0.1335268208089794,Low Risk,1,-0.43991649313097614,0,0,-0.7888002190384014,1,0,2,1,1,1,1,1,1,1,-1.2051132934870794,3,-1.505976692069473,-0.8881322783704446,1,-0.6862762372079821,-1.2335563611353098,-1.4797852860309242
0,0,0.29011290814977775,Low Risk,0,-0.43991649313097614,1,1,1.1657772395230555,1,2,1,2,2,2,0,0,2,1,0.8297975015331794,1,1.1944434332004772,1.649691967250089,3,0.588402141112653,0.8106642156825693,0.6757737149030568
0,0,0.38145645438496795,Medium Risk,0,-0.43991649313097614,1,1,-1.2774445836787656,1,0,2,1,1,1,1,1,1,0,-1.2051132934870794,3,-1.4860351280674797,-0.9985684368204575,0,-0.8382870627807741,-1.2335563611353098,-1.4797852860309242
0,0,0.04980542343498964,Low Risk,0,-0.43991649313097614,1,1,-0.5851984004382496,1,0,2,1,1,1,1,1,1,2,-1.2051132934870794,3,-1.5093002860698053,-0.8708924942910004,1,-0.7358323270315423,-1.2335563611353098,-1.4797852860309242
0,1,0.8128406140369674,High Risk,1,-0.43991649313097614,0,0,-1.0738427650786138,1,2,1,0,0,0,2,0,2,0,0.8297975015331794,0,0.7706851981581158,-0.7768131604285269,0,0.22040365810297183,0.8106642156825693,0.6757737149030568
1,1,0.592654718453499,Medium Risk,0,-0.43991649313097614,0,0,-1.0331224013585834,1,0,0,0,0,0,2,2,0,0,0.8297975015331794,3,-0.17487729493640844,-0.8237866053978707,0,-0.15044832038097772,0.8106642156825693,0.6757737149030568
0,1,0.5869710337293038,Medium Risk,0,-0.43991649313097614,1,1,-0.9516816739185228,1,2,0,0,2,0,0,0,0,0,0.8297975015331794,3,-0.31446824295036285,-0.7861504570554217,0,-0.1811577850081496,0.8106642156825693,0.6757737149030568
1,1,0.6644068061572667,Medium Risk,1,2.273158691738958,1,1,-1.2774445836787656,1,0,0,0,0,0,2,0,0,0,0.8297975015331794,1,-0.5155456799704636,-0.9856772282386451,0,-0.5990031756257593,0.8106642156825693,0.6757737149030568
1,1,0.836526716236725,High Risk,1,-0.43991649313097614,0,0,-0.9516816739185228,1,0,1,0,0,0,0,0,2,0,0.8297975015331794,2,0.53304822713436,-0.6926008988880913,0,0.16613163751340965,-1.2335563611353098,0.6757737149030568
0,0,0.04422239565053486,Low Risk,0,-0.43991649313097614,1,0,0.6771328748826912,1,0,2,1,1,1,1,1,1,1,-1.2051132934870794,0,-1.4727407520661506,-0.6096910025982155,3,-0.7072873292170732,-1.2335563611353098,-1.4797852860309242
1,1,0.7311028464348406,High Risk,0,-0.43991649313097614,0,0,-0.7073594915983407,1,0,1,2,2,0,0,2,2,0,0.8297975015331794,1,1.141265929195161,-0.3776933961001872,1,0.4585168804480305,0.8106642156825693,0.6757737149030568
0,0,0.057079399062147075,Low Risk,0,-0.43991649313097614,1,1,-0.0965540357978854,1,0,2,1,1,1,1,1,1,1,-1.2051132934870794,0,-1.502653098069141,-0.7387796803147206,2,-0.6808836264059911,-1.2335563611353098,-1.4797852860309242
0,0,0.18286903138773522,Low Risk,0,2.273158691738958,1,0,1.5322605130033284,1,2,1,0,0,0,0,0,0,2,0.8297975015331794,1,0.36188313611724954,1.3816033915204455,3,0.2465523527805671,-1.2335563611353098,0.6757737149030568
0,1,0.6241188557038899,Medium Risk,1,-0.43991649313097614,0,0,-0.30015585439803716,1,0,1,2,0,2,2,2,2,0,0.8297975015331794,2,1.3539759452164248,0.1784165658888543,2,0.6905831687939703,0.8106642156825693,0.6757737149030568
0,0,0.09217681129132439,Low Risk,0,-0.43991649313097614,1,1,0.6771328748826912,0,1,0,2,0,0,2,0,0,1,0.8297975015331794,1,-0.9625690730151509,-0.22070319843948535,3,-0.4184749552824382,0.8106642156825693,-1.4797852860309242
0,1,0.5581760778058301,Medium Risk,1,-0.43991649313097614,0,0,-0.5851984004382496,0,1,0,0,0,0,0,0,0,0,-1.2051132934870794,3,-1.3165318340505352,-0.7969225628566623,1,-0.5913045141518642,-1.2335563611353098,-1.4797852860309242
0,0,0.21908656117496614,Low Risk,0,-0.43991649313097614,0,0,-0.30015585439803716,1,0,2,1,1,1,1,1,1,0,0.8297975015331794,1,-1.5142856770703037,-0.7725087329054902,2,-0.6671763905778533,-1.2335563611353098,-1.4797852860309242
0,0,0.07931586605632727,Low Risk,1,-0.43991649313097614,0,1,-0.38159658183809786,0,1,0,2,0,2,2,0,0,2,-1.2051132934870794,3,-0.8196545310008642,-0.628740853636065,1,-0.4168428534265578,0.8106642156825693,-1.4797852860309242
0,0,0.09347536493294517,Low Risk,1,-0.43991649313097614,1,1,1.4100994218432374,1,0,1,0,2,2,2,2,2,2,-1.2051132934870794,0,1.2758714862086173,2.0368034824885215,3,0.6593582011231652,0.8106642156825693,0.6757737149030568
0,0,0.022991536451577317,Low Risk,1,-0.43991649313097614,1,1,0.10704778280226633,1,0,2,1,1,1,1,1,1,2,-1.2051132934870794,0,-1.4710789550659844,-0.6721824606377891,2,-0.6568892986313912,-1.2335563611353098,-1.4797852860309242
1,1,0.7817704250301433,High Risk,1,-0.43991649313097614,0,0,-1.2774445836787656,1,0,0,0,0,0,0,0,0,0,0.8297975015331794,3,-0.62854787598176,-0.9871782593748836,0,-0.626864998102713,-1.2335563611353098,0.6757737149030568
0,0,0.12095827732308555,Low Risk,1,-0.43991649313097614,1,0,1.6137012404433893,1,2,1,2,2,2,2,2,2,2,-1.2051132934870794,1,1.651437608246161,2.689994840612513,3,0.8777014795352212,0.8106642156825693,0.6757737149030568
0,0,0.40837835518588406,Medium Risk,0,-0.43991649313097614,0,0,-1.2774445836787656,1,0,2,1,1,1,1,1,1,0,-1.2051132934870794,2,-1.46443176706532,-0.9982814749855885,0,-0.8329605378954741,-1.2335563611353098,-1.4797852860309242
0,0,0.44692504988806986,Medium Risk,1,2.273158691738958,1,1,1.125056875803025,1,2,1,2,0,0,0,0,0,0,0.8297975015331794,2,0.5380336181348585,1.137774127830891,3,0.3029393654501513,0.8106642156825693,0.6757737149030568
0,0,0.3957188484486273,Medium Risk,0,-0.43991649313097614,0,0,-1.0331224013585834,1,0,0,2,0,0,0,0,2,1,0.8297975015331794,2,-0.18817167093773737,-0.8444037095338516,0,-0.24612090197463518,0.8106642156825693,0.6757737149030568
0,0,0.014791062804458101,Low Risk,1,-0.43991649313097614,0,0,1.2879383306831464,1,0,2,1,1,1,1,1,1,2,-1.2051132934870794,3,-1.502653098069141,-0.45991899878383663,3,-0.6898944919821386,-1.2335563611353098,-1.4797852860309242
0,0,0.3637429886936357,Medium Risk,0,-0.43991649313097614,0,0,-0.7073594915983407,1,0,0,0,2,0,0,0,0,0,-1.2051132934870794,2,-0.5288400559717926,-0.6821378289090175,1,-0.24786226587944482,0.8106642156825693,0.6757737149030568
1,0,0.19733781361579386,Low Risk,1,-0.43991649313097614,1,1,-1.2367242199587352,1,0,2,1,1,1,1,1,1,1,-1.2051132934870794,3,-1.4926823160681442,-0.9915709828471106,0,-0.8064644910301357,-1.2335563611353098,-1.4797852860309242
0,1,0.6687042104367189,Medium Risk,0,-0.43991649313097614,0,0,-0.7888002190384014,1,2,0,2,0,2,0,2,2,0,0.8297975015331794,2,0.464914550127549,-0.5679932405930038,1,0.1626313497316411,0.8106642156825693,0.6757737149030568
1,1,0.8207487221828013,High Risk,1,-0.43991649313097614,0,0,-0.2594354906780068,1,2,1,0,0,2,0,2,2,0,0.8297975015331794,2,1.116338974192669,0.10303389926746832,2,0.524225862651304,0.8106642156825693,0.6757737149030568
0,0,0.11233264272172853,Low Risk,0,-0.43991649313097614,1,0,0.7992939660427822,0,1,0,2,0,2,0,0,0,1,-1.2051132934870794,3,-0.9742016520163136,-0.142583357393194,3,-0.39681942333947406,0.8106642156825693,-1.4797852860309242
1,0,0.46586687938893556,Medium Risk,1,-0.43991649313097614,0,0,-1.2774445836787656,1,0,2,1,1,1,1,1,1,0,0.8297975015331794,0,-1.481049737066981,-0.9985022148585647,0,-0.8370578647303203,-1.2335563611353098,-1.4797852860309242
1,1,0.7297283363426535,High Risk,0,2.273158691738958,0,0,-0.7073594915983407,1,2,1,0,2,0,0,0,2,0,-1.2051132934870794,2,0.8338334841644282,-0.3783335417318183,1,0.45703159947039873,0.8106642156825693,0.6757737149030568
1,1,0.8663568857855332,High Risk,0,-0.43991649313097614,0,0,-1.2367242199587352,1,2,1,0,0,0,0,0,0,0,-1.2051132934870794,1,0.33695618111475767,-0.9424563611098973,0,-0.19869434386129098,-1.2335563611353098,0.6757737149030568
1,1,0.6534250418919815,Medium Risk,0,-0.43991649313097614,1,1,-0.055833672077855064,1,2,1,0,2,0,0,0,2,0,0.8297975015331794,2,0.8770402061687477,0.31501039928655145,2,0.5315773395718807,0.8106642156825693,0.6757737149030568
0,0,0.26241762463055424,Low Risk,1,-0.43991649313097614,0,0,-0.2594354906780068,1,0,1,0,2,0,0,0,0,1,-1.2051132934870794,0,0.356897745116751,-0.11646983042010486,2,0.22241980305345144,0.8106642156825693,0.6757737149030568
0,1,0.5038360913567742,Medium Risk,0,-0.43991649313097614,0,0,-0.9109613101984924,0,1,0,2,0,0,0,0,0,0,-1.2051132934870794,3,-1.1636465100352518,-0.8741373704237511,0,-0.5527778792435405,0.8106642156825693,-1.4797852860309242
0,0,0.4274588479869887,Medium Risk,1,-0.43991649313097614,0,0,-1.2774445836787656,1,0,2,1,1,1,1,1,1,0,-1.2051132934870794,3,-1.4860351280674797,-0.9985684368204575,0,-0.8382870627807741,-1.2335563611353098,-1.4797852860309242
1,1,0.8861143521085988,High Risk,0,2.273158691738958,0,0,-1.2367242199587352,1,0,1,0,0,0,0,0,2,0,0.8297975015331794,2,0.4931650991303729,-0.9213094812787734,0,0.06298826332421599,-1.2335563611353098,0.6757737149030568
1,0,0.21042848570704017,Low Risk,1,-0.43991649313097614,0,0,-1.2367242199587352,1,0,2,1,1,1,1,1,1,1,-1.2051132934870794,1,-1.5109620830699715,-0.9949262289163495,0,-0.8479840696232434,-1.2335563611353098,-1.4797852860309242
1,1,0.7463725420320211,High Risk,0,-0.43991649313097614,1,0,-0.7888002190384014,0,1,0,0,0,2,0,2,2,0,0.8297975015331794,0,-0.532163649972125,-0.7277868346405039,1,-0.2610907782319481,0.8106642156825693,-1.4797852860309242
0,0,0.16433873444368524,Low Risk,1,-0.43991649313097614,1,1,0.025607055362205634,1,0,0,2,0,2,0,2,2,1,-1.2051132934870794,1,0.3319707901142591,0.07566215501841456,2,0.17999506336872434,0.8106642156825693,0.6757737149030568
0,0,0.40835585605952157,Medium Risk,0,2.273158691738958,0,0,0.5549717837226001,1,0,1,0,2,2,0,2,0,1,0.8297975015331794,0,0.8820255971692458,0.8142798439842114,2,0.4363041383731624,0.8106642156825693,0.6757737149030568
0,1,0.6857034037522586,Medium Risk,0,-0.43991649313097614,0,0,-0.7888002190384014,0,1,0,0,0,2,0,2,2,0,-1.2051132934870794,2,-0.518869273970796,-0.7207231587052642,1,-0.24236014127265137,0.8106642156825693,-1.4797852860309242
1,1,0.6929806383664853,Medium Risk,0,2.273158691738958,0,0,0.18848851024232702,1,2,1,2,2,0,0,2,2,0,0.8297975015331794,0,1.395520870220578,0.7835528536659185,2,0.7470765140115897,0.8106642156825693,0.6757737149030568
0,0,0.026219006717038227,Low Risk,0,-0.43991649313097614,1,1,1.1657772395230555,1,0,2,1,1,1,1,1,1,1,-1.2051132934870794,1,-1.517609271070636,-0.5024555723063582,3,-0.7002335828131355,-1.2335563611353098,-1.4797852860309242
0,0,0.43297024786823407,Medium Risk,1,-0.43991649313097614,0,0,-1.2774445836787656,1,0,2,1,1,1,1,1,1,0,-1.2051132934870794,3,-1.461108173064988,-0.9982373270109931,0,-0.8321410725285049,-1.2335563611353098,-1.4797852860309242
0,1,0.6721233267011175,Medium Risk,0,-0.43991649313097614,1,1,-0.9516816739185228,1,0,1,0,0,0,2,0,0,0,0.8297975015331794,2,0.36853032411791364,-0.721561970222574,0,0.05861778136704679,0.8106642156825693,0.6757737149030568
0,1,0.8562901181292387,High Risk,1,-0.43991649313097614,0,0,-1.1960038562387048,1,0,1,0,0,0,0,0,0,0,0.8297975015331794,3,0.16080569909714826,-0.9158572064162603,0,-0.15280428331101423,-1.2335563611353098,0.6757737149030568
0,0,0.01389829155563668,Low Risk,1,-0.43991649313097614,1,0,1.4915401492832983,1,0,2,1,1,1,1,1,1,2,-1.2051132934870794,3,-1.491020519067978,-0.40548454610789586,3,-0.6833612818311917,-1.2335563611353098,-1.4797852860309242
0,0,0.010442907326975809,Low Risk,0,-0.43991649313097614,1,1,1.2064976032430856,1,0,2,1,1,1,1,1,1,2,-1.2051132934870794,0,-1.477726143066649,-0.43519613301049775,3,-0.6653993814304328,-1.2335563611353098,-1.4797852860309242
0,0,0.0729562385201377,Low Risk,1,-0.43991649313097614,0,0,-0.5037576729981889,1,0,2,1,1,1,1,1,1,2,0.8297975015331794,3,-1.4976677070686424,-0.8222635002743346,1,-0.6752719879943955,-1.2335563611353098,-1.4797852860309242
0,0,0.3400686909422463,Medium Risk,1,-0.43991649313097614,0,0,1.1657772395230555,1,2,1,2,0,2,0,2,2,1,-1.2051132934870794,2,1.304122035211441,1.8019141836545043,3,0.6795478374129726,0.8106642156825693,0.6757737149030568
0,0,0.2325709004236031,Low Risk,0,-0.43991649313097614,0,0,-1.1552834925186746,1,2,2,1,1,1,1,1,1,1,-1.2051132934870794,2,-1.3580767590546883,-0.9643758304964379,0,-0.6829983757401052,-1.2335563611353098,-1.4797852860309242
0,0,0.2674847837206428,Low Risk,1,-0.43991649313097614,1,0,1.247217966963116,1,2,1,0,0,2,0,2,2,2,-1.2051132934870794,2,1.2575917192067896,1.772467484599474,3,0.6099003028492366,0.8106642156825693,0.6757737149030568
0,0,0.27919330878018006,Low Risk,1,-0.43991649313097614,0,0,0.7178532386027215,0,1,0,2,2,0,0,0,0,0,0.8297975015331794,3,-0.9891578250178088,-0.22052660654110434,3,-0.42979964529498543,0.8106642156825693,-1.4797852860309242
1,1,0.9193531641776416,High Risk,1,-0.43991649313097614,0,0,-1.2774445836787656,1,0,1,0,0,0,0,0,2,0,-1.2051132934870794,2,0.5230774451333633,-0.9718809861776301,0,-0.34292024844787533,-1.2335563611353098,0.6757737149030568
0,0,0.041674883633785846,Low Risk,0,-0.43991649313097614,1,1,1.5322605130033284,1,0,0,2,2,2,2,0,2,1,-1.2051132934870794,1,0.31036742911209936,1.2981195715608318,3,0.202901394782291,0.8106642156825693,0.6757737149030568
0,0,0.09522151687313729,Low Risk,0,-0.43991649313097614,1,1,1.6137012404433893,1,2,0,0,0,2,0,2,2,2,0.8297975015331794,0,0.40010446712107006,1.4067898110270345,3,0.2251376341563829,0.8106642156825693,0.6757737149030568
0,0,0.22246375641246563,Low Risk,0,-0.43991649313097614,0,0,0.10704778280226633,1,0,0,2,2,2,0,0,0,0,-1.2051132934870794,2,-0.13997955793291994,-0.1321423614014179,2,-0.09999429299521949,0.8106642156825693,0.6757737149030568
0,0,0.4304482292453426,Medium Risk,1,-0.43991649313097614,0,0,-0.8295205827584317,1,2,0,2,2,0,2,0,0,0,0.8297975015331794,2,0.08270124008934066,-0.6399765131705557,0,0.04670401564726324,0.8106642156825693,0.6757737149030568
0,0,0.32731051827256397,Medium Risk,0,-0.43991649313097614,1,0,0.9621754209229036,1,2,1,2,2,2,0,2,2,1,-1.2051132934870794,0,1.4968904872307114,1.6898666241317646,3,0.7541282291431406,0.8106642156825693,0.6757737149030568
1,1,0.7686092295202931,High Risk,1,-0.43991649313097614,0,1,-0.8295205827584317,1,2,1,0,0,0,0,0,0,0,0.8297975015331794,1,0.29873485011093664,-0.6227146551038136,0,0.09599800926033533,-1.2335563611353098,0.6757737149030568
0,0,0.19661709926298931,Low Risk,0,-0.43991649313097614,0,0,0.14776814652229667,1,2,0,0,0,2,0,0,0,1,-1.2051132934870794,2,-0.29785027294870164,-0.1502871789600648,2,-0.14259418779283003,0.8106642156825693,0.6757737149030568
0,0,0.41243291801629206,Medium Risk,0,-0.43991649313097614,1,0,0.3106496014024181,1,2,1,2,0,2,0,2,2,1,-1.2051132934870794,0,1.3622849302172555,0.8593990740205547,2,0.6877273396773748,0.8106642156825693,0.6757737149030568
1,0,0.45178228006602944,Medium Risk,0,-0.43991649313097614,0,0,-1.1960038562387048,1,0,2,1,1,1,1,1,1,0,0.8297975015331794,3,-1.5009913010689746,-0.9810416909061441,0,-0.7577745904760473,-1.2335563611353098,-1.4797852860309242
0,1,0.5450504496027869,Medium Risk,0,2.273158691738958,0,0,0.3106496014024181,1,2,1,0,0,2,2,2,2,1,0.8297975015331794,1,1.2958130502106107,0.8416736622205624,2,0.6716778106608796,0.8106642156825693,0.6757737149030568
0,0,0.026403848564688744,Low Risk,1,-0.43991649313097614,1,0,1.4100994218432374,1,2,0,2,2,2,2,0,0,2,-1.2051132934870794,1,0.20401242110146783,1.0574248140675397,3,0.12468115109830138,0.8106642156825693,0.6757737149030568
0,0,0.07355601609920337,Low Risk,0,-0.43991649313097614,0,0,1.4100994218432374,1,0,0,2,0,2,2,0,2,1,0.8297975015331794,0,0.252204534106285,1.1962260461949994,3,0.20045759562039714,0.8106642156825693,0.6757737149030568
0,1,0.7648324435413046,High Risk,0,-0.43991649313097614,0,0,-1.0331224013585834,1,0,0,0,0,0,0,2,2,0,0.8297975015331794,2,0.06940686408801149,-0.8051782341059737,0,-0.06409715733659517,-1.2335563611353098,0.6757737149030568
0,1,0.8280782099271284,High Risk,1,-0.43991649313097614,0,0,-1.1960038562387048,1,0,1,0,2,2,0,0,2,0,-1.2051132934870794,2,0.8521132511662559,-0.8889048679258615,0,0.09733751995634281,0.8106642156825693,0.6757737149030568
0,1,0.7131487418335782,High Risk,1,-0.43991649313097614,0,0,0.3920903288424788,1,2,1,0,0,0,2,2,2,0,0.8297975015331794,2,1.1811490571991479,0.8569267874432207,2,0.6069735132082696,0.8106642156825693,0.6757737149030568
0,0,0.20962249515941714,Low Risk,0,-0.43991649313097614,1,1,0.3106496014024181,1,2,2,1,1,1,1,1,1,0,0.8297975015331794,2,-1.2816340970470463,-0.5317256794630075,2,-0.5718708771950098,-1.2335563611353098,-1.4797852860309242
0,0,0.33940648792330896,Medium Risk,0,2.273158691738958,1,0,0.8400143297628127,1,0,1,0,2,2,2,2,0,1,0.8297975015331794,2,0.9717626351782166,1.143226402693404,3,0.47592293185383977,0.8106642156825693,0.6757737149030568
0,0,0.34484403819801523,Medium Risk,0,-0.43991649313097614,0,0,-1.1960038562387048,1,0,2,1,1,1,1,1,1,0,-1.2051132934870794,2,-1.502653098069141,-0.9804677672364058,0,-0.7524480655907475,-1.2335563611353098,-1.4797852860309242
0,1,0.8707732695094926,High Risk,0,2.273158691738958,0,0,-0.9516816739185228,1,2,1,0,0,2,0,2,0,0,0.8297975015331794,2,0.8421424691652587,-0.6468194492328191,0,0.33608875462282756,0.8106642156825693,0.6757737149030568
0,0,0.012985860886432034,Low Risk,0,-0.43991649313097614,1,1,1.6137012404433893,1,0,2,1,1,1,1,1,1,2,0.8297975015331794,1,-1.4843733310673135,-0.42190759265732813,3,-0.7048320762709979,-1.2335563611353098,-1.4797852860309242
1,0,0.4631924775882596,Medium Risk,1,2.273158691738958,0,0,0.5549717837226001,1,0,1,2,0,0,0,0,2,0,-1.2051132934870794,2,0.6726391751483144,0.7449895978569695,2,0.38157431311962176,0.8106642156825693,0.6757737149030568
0,0,0.026068673020737607,Low Risk,0,-0.43991649313097614,1,1,1.1657772395230555,1,2,2,1,1,1,1,1,1,2,0.8297975015331794,3,-1.3514295710540236,-0.3224201319069368,3,-0.5924342355066673,-1.2335563611353098,-1.4797852860309242
0,0,0.02371604363105763,Low Risk,0,-0.43991649313097614,1,1,0.880734693482843,1,0,0,2,0,2,2,0,2,2,-1.2051132934870794,0,0.1724382780983114,0.701923248639305,3,0.15117266972364396,0.8106642156825693,0.6757737149030568
1,1,0.5452044690584383,Medium Risk,1,-0.43991649313097614,0,0,-0.8702409464784621,0,1,0,0,0,2,0,2,0,1,0.8297975015331794,2,-0.7698006209958805,-0.7996597372815677,0,-0.359855866031906,0.8106642156825693,-1.4797852860309242
0,0,0.059665262217004016,Low Risk,0,-0.43991649313097614,1,0,-0.13727439951791576,1,0,2,1,1,1,1,1,1,2,0.8297975015331794,3,-1.502653098069141,-0.7770559742888007,2,-0.7175251832017422,-1.2335563611353098,-1.4797852860309242
1,0,0.36852731688926016,Medium Risk,1,-0.43991649313097614,1,1,1.4100994218432374,1,2,1,2,2,2,0,2,2,1,0.8297975015331794,2,1.5467443972356951,2.2957755014642465,3,0.8007400788479151,0.8106642156825693,0.6757737149030568
0,0,0.40400092534537335,Medium Risk,1,-0.43991649313097614,1,1,0.6771328748826912,1,2,1,0,0,0,2,2,2,1,0.8297975015331794,2,1.1030445981913404,1.1637331368928967,3,0.6094296224290835,0.8106642156825693,0.6757737149030568
0,0,0.10649085779612906,Low Risk,1,-0.43991649313097614,1,0,1.6137012404433893,1,2,1,2,2,0,2,0,2,2,0.8297975015331794,0,1.1894580421999785,2.226463181349707,3,0.6419760926723881,0.8106642156825693,0.6757737149030568
0,0,0.02761950280217845,Low Risk,0,-0.43991649313097614,1,1,1.5729808767233588,1,0,0,2,2,2,2,2,2,2,-1.2051132934870794,1,0.7474200401557899,1.7865727624826555,3,0.4380074833469394,0.8106642156825693,0.6757737149030568
0,0,0.17721250981392456,Low Risk,0,2.273158691738958,0,0,0.47353105628253944,1,0,0,0,0,2,2,2,2,1,-1.2051132934870794,0,0.33529438411459117,0.43535777803319764,2,0.18765626115246803,0.8106642156825693,0.6757737149030568
0,0,0.09338222181745663,Low Risk,1,-0.43991649313097614,1,1,0.35136996512244845,1,0,0,2,2,2,0,0,0,1,0.8297975015331794,0,-0.14828854293375057,0.1012679802836584,2,-0.02262635644390244,0.8106642156825693,0.6757737149030568
0,1,0.758252066713603,High Risk,0,-0.43991649313097614,0,0,-0.8702409464784621,1,2,0,0,0,0,0,0,2,0,0.8297975015331794,3,-0.1931570619382357,-0.7418258905617928,0,-0.1809392609102911,-1.2335563611353098,0.6757737149030568
0,0,0.3284570463162996,Medium Risk,0,-0.43991649313097614,0,0,-0.7888002190384014,1,0,2,1,1,1,1,1,1,0,0.8297975015331794,3,-1.5109620830699715,-0.8841148126822771,1,-0.6756231874373823,-1.2335563611353098,-1.4797852860309242
0,0,0.1257950707455778,Low Risk,0,2.273158691738958,1,0,0.9214550572028734,1,0,1,0,0,2,2,2,0,2,-1.2051132934870794,1,0.7989357471609396,1.1140225174986476,3,0.40375903396233676,0.8106642156825693,0.6757737149030568
1,0,0.354578575503738,Medium Risk,0,-0.43991649313097614,0,0,-0.8702409464784621,1,0,0,2,0,0,0,0,0,0,-1.2051132934870794,1,-0.5388108379727895,-0.7862387530046123,0,-0.31833628743879844,0.8106642156825693,0.6757737149030568
0,0,0.3205571440447772,Medium Risk,0,-0.43991649313097614,0,1,0.6364125111626608,0,1,0,0,2,2,0,0,2,0,-1.2051132934870794,1,-0.6385186579827569,-0.07662628334789355,2,-0.2973981111235847,0.8106642156825693,-1.4797852860309242
0,0,0.3001550012610037,Medium Risk,1,-0.43991649313097614,0,0,-0.055833672077855064,1,2,1,0,0,0,2,0,0,1,-1.2051132934870794,1,0.5629605731373504,0.11775724879498349,2,0.30274163584572367,0.8106642156825693,0.6757737149030568
0,0,0.08788379888385991,Low Risk,1,-0.43991649313097614,0,0,1.247217966963116,1,0,1,2,2,2,2,2,2,2,-1.2051132934870794,1,1.476948923228718,2.1049017333016917,3,0.8027307470141832,0.8106642156825693,0.6757737149030568
0,0,0.20858328068379026,Low Risk,0,2.273158691738958,1,1,1.1657772395230555,1,2,0,0,0,2,0,2,0,1,0.8297975015331794,2,0.014567563082529699,0.7430691609620762,3,0.04554598704555378,0.8106642156825693,0.6757737149030568
0,0,0.012327012110309468,Low Risk,0,-0.43991649313097614,1,1,1.6137012404433893,1,2,2,1,1,1,1,1,1,2,-1.2051132934870794,1,-1.3464441800535252,-0.21959949907460416,3,-0.6019498832809569,-1.2335563611353098,-1.4797852860309242
0,0,0.49035390461465095,Medium Risk,0,-0.43991649313097614,1,1,0.8400143297628127,1,0,1,0,2,2,2,2,2,0,0.8297975015331794,0,1.4453747802255617,1.6128063344757595,3,0.7987467605859957,0.8106642156825693,0.6757737149030568
0,1,0.5131453112221562,Medium Risk,0,2.273158691738958,0,0,-1.0331224013585834,1,0,0,2,0,0,0,0,0,0,0.8297975015331794,2,-0.5504434169739522,-0.8571624741918782,0,-0.3053272747381619,0.8106642156825693,0.6757737149030568
1,1,0.6881549964754976,Medium Risk,0,-0.43991649313097614,1,1,-0.1779947632379461,1,0,1,0,0,0,0,0,2,0,0.8297975015331794,2,0.5413572121351905,-0.024200563516036545,2,0.25605241995373645,-1.2335563611353098,0.6757737149030568
1,1,0.689390088680126,Medium Risk,0,-0.43991649313097614,0,0,-0.6666391278783103,1,2,1,0,0,0,0,0,0,0,-1.2051132934870794,2,0.2621753161072821,-0.4801608451357579,1,0.14880717557877776,-1.2335563611353098,0.6757737149030568
0,1,0.7707293210200057,High Risk,0,-0.43991649313097614,0,1,-1.0331224013585834,1,0,1,0,0,0,0,0,0,0,0.8297975015331794,2,0.2089978121019659,-0.798754703802365,0,-0.03428910461308957,-1.2335563611353098,0.6757737149030568
0,1,0.6685992211814057,Medium Risk,0,-0.43991649313097614,0,0,-1.1145631287986442,1,2,0,0,2,0,0,0,2,0,0.8297975015331794,2,-0.025315564921457354,-0.843962229787899,0,0.00876697154308541,0.8106642156825693,0.6757737149030568
0,0,0.01280697622106053,Low Risk,0,-0.43991649313097614,1,1,1.5729808767233588,1,2,2,1,1,1,1,1,1,2,-1.2051132934870794,1,-1.3580767590546883,-0.2730185483348542,3,-0.62392858053774,-1.2335563611353098,-1.4797852860309242
1,0,0.46274106186811864,Medium Risk,1,-0.43991649313097614,1,1,-1.0331224013585834,0,1,0,2,0,0,2,0,0,0,0.8297975015331794,2,-1.0057757950194701,-0.8841368866695747,0,-0.43050060954271163,0.8106642156825693,-1.4797852860309242
0,1,0.8765573501490831,High Risk,1,2.273158691738958,0,0,-0.8702409464784621,1,2,1,0,2,2,2,2,2,0,0.8297975015331794,2,1.5500679912360276,-0.4851274922777233,0,0.6131909684634722,0.8106642156825693,0.6757737149030568
0,0,0.06462048964965887,Low Risk,1,-0.43991649313097614,0,0,0.7992939660427822,0,1,0,2,2,2,2,2,2,2,-1.2051132934870794,1,-0.028639158921789646,0.46489277303741844,3,0.028684103056623632,0.8106642156825693,-1.4797852860309242
0,0,0.022092144048274996,Low Risk,0,-0.43991649313097614,0,0,0.6771328748826912,1,0,0,2,2,2,2,0,0,2,-1.2051132934870794,0,0.0876866310898392,0.45248719217615374,3,0.0813497506467732,0.8106642156825693,0.6757737149030568
0,0,0.13081368179819658,Low Risk,1,-0.43991649313097614,0,0,-0.5444780367182193,1,0,2,1,1,1,1,1,1,1,-1.2051132934870794,3,-1.5275800530716328,-0.8841589606568724,1,-0.7737951384002958,-1.2335563611353098,-1.4797852860309242
1,1,0.9035867927226373,High Risk,1,-0.43991649313097614,0,0,-1.2367242199587352,1,0,1,0,0,0,0,0,2,0,0.8297975015331794,2,0.5380336181348585,-0.9318608472070378,0,-0.06757988514621438,-1.2335563611353098,0.6757737149030568
0,1,0.5520425380715308,Medium Risk,1,-0.43991649313097614,1,0,0.7992939660427822,1,2,1,0,2,0,2,0,2,0,0.8297975015331794,1,1.0266019361836989,1.2390054335777945,3,0.570907328608395,0.8106642156825693,0.6757737149030568
0,1,0.6362693329622452,Medium Risk,1,-0.43991649313097614,1,0,-0.38159658183809786,1,2,1,0,2,2,0,0,0,0,-1.2051132934870794,2,0.6477122201458225,-0.13854381771772886,1,0.34140162175201144,0.8106642156825693,0.6757737149030568
0,1,0.8024821501981944,High Risk,1,2.273158691738958,0,0,-0.9924020376385531,1,0,1,0,0,0,0,0,0,0,0.8297975015331794,2,0.16412929309748078,-0.7545184332579267,0,0.04058954329372385,-1.2335563611353098,0.6757737149030568
0,0,0.38715938244417103,Medium Risk,0,2.273158691738958,1,1,1.3286586944031769,1,2,1,0,0,2,2,2,2,1,0.8297975015331794,0,1.300798441211109,1.980117483108223,3,0.6778356113896131,0.8106642156825693,0.6757737149030568
0,1,0.7504168058924741,High Risk,1,-0.43991649313097614,0,1,-1.2367242199587352,1,0,0,0,0,0,0,0,2,0,0.8297975015331794,2,-0.31446824295036285,-0.9594533313290677,0,-0.40902378805005973,-1.2335563611353098,0.6757737149030568
0,0,0.018708483360225788,Low Risk,0,-0.43991649313097614,1,0,1.2064976032430856,1,2,2,1,1,1,1,1,1,2,-1.2051132934870794,0,-1.3663857440555187,-0.3819536756486287,3,-0.6340255645236109,-1.2335563611353098,-1.4797852860309242
0,1,0.8778024308277182,High Risk,1,-0.43991649313097614,0,0,-1.1960038562387048,1,0,1,0,0,2,2,2,0,0,0.8297975015331794,3,0.8338334841644282,-0.899500381828721,0,-0.0009983240799646522,0.8106642156825693,0.6757737149030568
0,0,0.4100753108322257,Medium Risk,1,-0.43991649313097614,1,1,0.6771328748826912,1,2,1,0,2,2,0,2,0,1,0.8297975015331794,2,0.9601300561770538,0.9881345679402976,3,0.4790526825442792,0.8106642156825693,0.6757737149030568
1,1,0.5680820520398635,Medium Risk,0,-0.43991649313097614,0,1,-0.7073594915983407,1,0,1,0,0,0,0,0,0,0,-1.2051132934870794,0,0.14086413509515497,-0.5682360544532776,1,0.01641531496813146,-1.2335563611353098,0.6757737149030568
0,0,0.062468536072884016,Low Risk,0,-0.43991649313097614,0,1,0.35136996512244845,1,0,2,1,1,1,1,1,1,1,0.8297975015331794,1,-1.479387940066815,-0.6255401254779096,2,-0.665048181987446,-1.2335563611353098,-1.4797852860309242
0,1,0.7723059771362748,High Risk,0,2.273158691738958,0,0,0.5549717837226001,1,2,1,0,2,2,0,2,2,0,0.8297975015331794,2,1.3190782082129364,1.1398711566241653,2,0.6934767801347823,0.8106642156825693,0.6757737149030568
0,0,0.031122270503803787,Low Risk,1,-0.43991649313097614,0,0,0.9621754209229036,1,2,2,1,1,1,1,1,1,2,0.8297975015331794,0,-1.289943082047877,-0.369901278584126,3,-0.587379706341643,-1.2335563611353098,-1.4797852860309242
0,1,0.5552497684163099,Medium Risk,1,-0.43991649313097614,0,0,0.6364125111626608,1,2,1,2,0,0,2,0,2,0,0.8297975015331794,2,1.0182929511828682,0.9550898089557548,2,0.48425478248406395,0.8106642156825693,0.6757737149030568
0,1,0.8562816971843888,High Risk,1,-0.43991649313097614,0,0,-1.2367242199587352,1,0,1,0,0,0,0,0,0,0,-1.2051132934870794,3,0.19736523310080326,-0.9503809225497445,0,-0.2967570327752755,-1.2335563611353098,0.6757737149030568
0,0,0.011587697807680094,Low Risk,0,-0.43991649313097614,1,1,1.6137012404433893,1,2,2,1,1,1,1,1,1,2,-1.2051132934870794,0,-1.3630621500551865,-0.2660652423361027,3,-0.6255796722873983,-1.2335563611353098,-1.4797852860309242
0,0,0.1387499044218308,Low Risk,1,-0.43991649313097614,1,0,0.5142514200025698,1,0,0,2,2,2,0,2,2,1,-1.2051132934870794,0,0.466576347127715,0.5808032803372422,2,0.2791608518687654,0.8106642156825693,0.6757737149030568
0,0,0.05709260251482303,Low Risk,1,-0.43991649313097614,1,1,0.18848851024232702,1,2,0,2,0,2,2,0,0,2,0.8297975015331794,1,-0.0651986929254444,-0.0013981346375909096,2,-0.019770550446983344,0.8106642156825693,0.6757737149030568
0,1,0.5392262046883213,Medium Risk,0,-0.43991649313097614,0,0,1.1657772395230555,1,2,1,0,0,2,0,0,2,0,-1.2051132934870794,3,0.8122301231622688,1.4209833848594071,3,0.4514589045454245,0.8106642156825693,0.6757737149030568
0,0,0.01721645751140212,Low Risk,0,-0.43991649313097614,0,0,1.125056875803025,1,0,2,1,1,1,1,1,1,2,-1.2051132934870794,3,-1.4677553610656522,-0.5248827434007441,3,-0.7089257225966727,-1.2335563611353098,-1.4797852860309242
1,1,0.5695088096985631,Medium Risk,0,2.273158691738958,1,0,-1.2367242199587352,1,0,0,0,2,0,0,0,0,0,-1.2051132934870794,1,-0.4856333339674735,-0.9566057869676744,0,-0.37378677727038295,0.8106642156825693,0.6757737149030568
0,0,0.021969556456781756,Low Risk,0,-0.43991649313097614,1,1,1.247217966963116,1,0,0,2,2,2,2,2,0,2,-1.2051132934870794,1,0.358559542116917,1.0710003162555786,3,0.20301013985629676,0.8106642156825693,0.6757737149030568
1,1,0.9066334689454368,High Risk,0,2.273158691738958,0,0,-1.1552834925186746,1,2,1,0,0,0,0,0,2,0,0.8297975015331794,2,0.6593447991469852,-0.8484432492093168,0,0.17776804572437283,-1.2335563611353098,0.6757737149030568
1,0,0.19106520643121888,Low Risk,1,-0.43991649313097614,0,0,1.2064976032430856,1,2,1,2,2,0,2,0,2,1,-1.2051132934870794,2,1.2376501552047963,1.8751115255334256,3,0.6959797334542247,0.8106642156825693,0.6757737149030568
0,0,0.25201054817483154,Low Risk,0,-0.43991649313097614,0,0,1.2064976032430856,1,2,1,2,2,2,0,0,0,1,0.8297975015331794,2,0.9069525521717376,1.53364901602648,3,0.49476846739633595,0.8106642156825693,0.6757737149030568
0,0,0.15048599848552371,Low Risk,1,-0.43991649313097614,0,0,1.4915401492832983,1,2,1,0,2,2,2,2,0,2,0.8297975015331794,1,1.0930738161903437,1.969720635091042,3,0.5762974669777077,0.8106642156825693,0.6757737149030568
1,1,0.6924536129198021,Medium Risk,0,-0.43991649313097614,0,0,-1.1552834925186746,1,0,1,0,2,2,2,2,2,1,0.8297975015331794,2,1.3589613362169235,-0.8114472464984989,0,0.4524528367324582,0.8106642156825693,0.6757737149030568
0,0,0.25512505107104544,Low Risk,0,-0.43991649313097614,1,0,0.6771328748826912,0,1,0,0,2,0,2,2,2,1,0.8297975015331794,1,-0.28123230294704044,0.22015847586866116,3,-0.09114770910024955,0.8106642156825693,-1.4797852860309242
0,0,0.13986771075914398,Low Risk,1,-0.43991649313097614,0,0,0.758573602322752,1,2,0,2,2,2,2,2,0,1,0.8297975015331794,1,0.544680806135523,0.8142136220223183,3,0.2979016685220615,0.8106642156825693,0.6757737149030568
0,0,0.4627530167291513,Medium Risk,1,-0.43991649313097614,0,0,-0.2594354906780068,0,1,0,2,2,0,0,0,2,0,0.8297975015331794,0,-0.6684310039857471,-0.49682670554546404,2,-0.30055085391865155,0.8106642156825693,-1.4797852860309242
0,1,0.5767923512883419,Medium Risk,0,-0.43991649313097614,0,0,-0.9516816739185228,1,0,0,0,0,0,0,0,0,0,0.8297975015331794,2,-0.6983433499887373,-0.8283117727938836,0,-0.33767567009927224,-1.2335563611353098,0.6757737149030568
0,0,0.2520938975835945,Low Risk,0,-0.43991649313097614,0,0,1.002895784642934,1,2,1,0,2,0,2,0,2,1,-1.2051132934870794,2,0.9950277931805424,1.4070105509000108,3,0.5427946548268484,0.8106642156825693,0.6757737149030568
0,0,0.12317702141005271,Low Risk,0,-0.43991649313097614,1,0,0.18848851024232702,1,0,2,1,1,1,1,1,1,0,-1.2051132934870794,0,-1.504314895069307,-0.6519406142858678,2,-0.6553090722877766,-1.2335563611353098,-1.4797852860309242
0,0,0.47495242490286105,Medium Risk,1,-0.43991649313097614,0,0,-0.0965540357978854,1,0,1,0,2,0,0,2,2,1,0.8297975015331794,0,1.071470455188184,0.3264226507194232,2,0.5947331719316575,0.8106642156825693,0.6757737149030568
0,0,0.39490050080110656,Medium Risk,0,2.273158691738958,1,1,1.5322605130033284,1,2,1,0,2,2,2,2,2,1,0.8297975015331794,2,1.433742201224399,2.2930162530520435,3,0.7231003180875036,0.8106642156825693,0.6757737149030568
1,1,0.6525543164523955,Medium Risk,1,-0.43991649313097614,0,1,-0.4223169455581282,1,0,1,0,2,2,0,2,0,0,0.8297975015331794,2,0.8188773111629334,-0.123798394202916,1,0.4236361589583402,0.8106642156825693,0.6757737149030568
1,0,0.34058933034240946,Medium Risk,1,-0.43991649313097614,0,0,0.26992923768238775,0,1,0,2,2,0,2,2,0,0,0.8297975015331794,1,-0.5255164619714603,-0.17706292555208275,2,-0.2319441511260676,0.8106642156825693,-1.4797852860309242
1,1,0.6582462330683183,Medium Risk,0,2.273158691738958,1,0,0.025607055362205634,1,2,1,0,2,0,0,0,0,0,0.8297975015331794,0,0.5264010391336954,0.16537083939595842,2,0.27794527664410495,0.8106642156825693,0.6757737149030568
0,0,0.34886673659484313,Medium Risk,1,-0.43991649313097614,0,0,1.125056875803025,1,2,1,2,2,2,2,2,2,1,0.8297975015331794,1,1.722894879253304,2.1047913633652033,3,0.8914498375188066,0.8106642156825693,0.6757737149030568
0,0,0.3606789988455852,Medium Risk,0,-0.43991649313097614,1,1,-1.2774445836787656,1,0,2,1,1,1,1,1,1,0,-1.2051132934870794,2,-1.505976692069473,-0.9988333246680291,0,-0.8432038549825894,-1.2335563611353098,-1.4797852860309242
0,1,0.522871980773637,Medium Risk,0,-0.43991649313097614,1,1,-0.8295205827584317,1,0,0,0,0,2,0,2,0,0,0.8297975015331794,1,-0.2130986259402292,-0.6804822798616957,0,-0.06896667269031623,0.8106642156825693,0.6757737149030568
0,0,0.017122025704467792,Low Risk,0,-0.43991649313097614,1,1,0.758573602322752,1,0,2,1,1,1,1,1,1,2,-1.2051132934870794,3,-1.4893587220678117,-0.5532478170781909,3,-0.6783494856774913,-1.2335563611353098,-1.4797852860309242
0,1,0.7112365211937329,High Risk,0,-0.43991649313097614,1,1,-0.4223169455581282,1,0,1,0,0,0,0,0,2,0,0.8297975015331794,2,0.5114448661322006,-0.21688439863699638,1,0.2733889653709822,-1.2335563611353098,0.6757737149030568
0,0,0.2076586455265269,Low Risk,1,-0.43991649313097614,1,1,-1.2774445836787656,1,0,2,1,1,1,1,1,1,1,-1.2051132934870794,3,-1.5275800530716328,-0.9991202865028981,0,-0.8485303798678895,-1.2335563611353098,-1.4797852860309242
0,0,0.4912466399865212,Medium Risk,1,-0.43991649313097614,1,1,0.26992923768238775,1,2,1,0,0,2,0,2,2,1,-1.2051132934870794,2,1.1711782751981514,0.6858975338612301,2,0.5689603252813082,0.8106642156825693,0.6757737149030568
1,1,0.8554964173929817,High Risk,0,-0.43991649313097614,0,0,-1.1552834925186746,1,2,1,0,2,0,2,0,2,0,0.8297975015331794,2,0.9551446651765553,-0.8475161417428165,0,0.18465155480691414,0.8106642156825693,0.6757737149030568
1,0,0.14478122566329646,Low Risk,0,-0.43991649313097614,0,0,0.26992923768238775,1,0,1,0,0,2,2,0,0,2,0.8297975015331794,2,0.5214156481331973,0.4059993749273577,2,0.30918980395206286,0.8106642156825693,0.6757737149030568
0,0,0.4349877038684693,Medium Risk,1,2.273158691738958,1,0,1.4915401492832983,1,2,1,2,2,0,0,0,0,0,0.8297975015331794,1,0.6693155811479823,1.546827186443161,3,0.35202150268632926,0.8106642156825693,0.6757737149030568
0,1,0.563792692827185,Medium Risk,1,2.273158691738958,1,0,-0.9924020376385531,1,0,0,0,0,2,2,0,2,0,0.8297975015331794,1,-0.012021188920128179,-0.7506113375062471,0,0.056705695510785366,0.8106642156825693,0.6757737149030568
0,0,0.01842685366781748,Low Risk,1,-0.43991649313097614,1,0,1.4508197855632678,1,2,2,1,1,1,1,1,1,2,-1.2051132934870794,1,-1.3198554280508674,-0.28816130362102427,3,-0.615612194693969,-1.2335563611353098,-1.4797852860309242
1,1,0.8282912263376012,High Risk,0,2.273158691738958,0,0,-1.2367242199587352,1,0,1,0,0,0,0,0,0,0,-1.2051132934870794,2,0.19902703010096928,-0.9390569670660632,0,-0.1566284550235373,-1.2335563611353098,0.6757737149030568
1,0,0.4680806541603414,Medium Risk,1,2.273158691738958,1,0,-0.3408762181180675,0,1,0,2,0,0,0,0,2,0,-1.2051132934870794,0,-0.8528904710041867,-0.5786108284831609,1,-0.365832500108335,0.8106642156825693,-1.4797852860309242
1,0,0.4329029388402447,Medium Risk,0,-0.43991649313097614,1,0,0.3920903288424788,1,2,0,0,0,0,0,0,0,0,0.8297975015331794,2,-0.4823097399671412,-0.03455326355862212,2,-0.1626759823828761,-1.2335563611353098,0.6757737149030568
0,0,0.22243425684956067,Low Risk,0,-0.43991649313097614,1,0,1.0843365120829946,1,2,0,0,2,0,2,2,2,1,0.8297975015331794,2,0.5097830691320341,1.0645326379773745,3,0.279381751228557,0.8106642156825693,0.6757737149030568
1,1,0.9050233366977105,High Risk,1,-0.43991649313097614,1,1,-1.2774445836787656,1,0,1,0,0,0,0,0,2,0,-1.2051132934870794,2,0.5064594751317021,-0.9721017260506064,0,-0.3470175752827215,-1.2335563611353098,0.6757737149030568
0,0,0.17865418614830592,Low Risk,0,-0.43991649313097614,1,1,0.5549717837226001,0,1,0,2,2,0,0,0,0,0,-1.2051132934870794,0,-0.9874960280176428,-0.292112547347299,2,-0.43759465148283094,0.8106642156825693,-1.4797852860309242
1,1,0.730661147098459,High Risk,1,-0.43991649313097614,0,0,-1.1552834925186746,0,1,0,0,0,2,0,0,0,0,0.8297975015331794,2,-1.166970104035584,-0.9551047558314358,0,-0.6141632849146901,0.8106642156825693,-1.4797852860309242
0,0,0.31738733911494493,Medium Risk,1,-0.43991649313097614,1,1,-0.8702409464784621,1,0,2,1,1,1,1,1,1,0,0.8297975015331794,2,-1.4727407520661506,-0.8966969854419228,0,-0.6600533454649669,-1.2335563611353098,-1.4797852860309242
0,0,0.07587449992540031,Low Risk,1,-0.43991649313097614,1,0,1.0843365120829946,1,0,0,2,2,2,0,2,0,1,-1.2051132934870794,1,0.05445069108651675,0.7400450247023016,3,0.07861273632109596,0.8106642156825693,0.6757737149030568
0,0,0.10161078938467671,Low Risk,0,-0.43991649313097614,1,1,0.8400143297628127,1,0,0,0,0,2,0,0,2,1,-1.2051132934870794,1,-0.1383177609327537,0.4481386166785219,3,-0.0019316040812350902,0.8106642156825693,0.6757737149030568
0,1,0.778283449351447,High Risk,0,-0.43991649313097614,0,0,-1.1960038562387048,1,0,0,0,0,0,0,2,0,0,0.8297975015331794,2,-0.3510277769540174,-0.9454363493950766,0,-0.42732518124570584,-1.2335563611353098,0.6757737149030568
0,0,0.02110867552596575,Low Risk,0,-0.43991649313097614,1,0,1.6137012404433893,1,2,2,1,1,1,1,1,1,2,0.8297975015331794,0,-1.3132082400502028,-0.19456759747909852,3,-0.5892201062105034,-1.2335563611353098,-1.4797852860309242
1,0,0.3837295350399034,Medium Risk,1,-0.43991649313097614,0,0,-0.9516816739185228,1,0,2,1,1,1,1,1,1,0,0.8297975015331794,3,-1.5225946620711341,-0.9254814648780245,0,-0.6984043246391268,-1.2335563611353098,-1.4797852860309242
0,0,0.11705718942656583,Low Risk,1,-0.43991649313097614,1,1,-0.3408762181180675,1,0,2,1,1,1,1,1,1,1,0.8297975015331794,1,-1.461108173064988,-0.8000791430402225,1,-0.6947003411804259,-1.2335563611353098,-1.4797852860309242
0,1,0.6738636169207783,Medium Risk,0,2.273158691738958,1,0,0.5142514200025698,1,0,1,0,0,2,0,0,2,0,0.8297975015331794,2,0.7091987091519689,0.6973318592813992,2,0.3732034099607339,0.8106642156825693,0.6757737149030568
0,0,0.25737204892884863,Low Risk,0,-0.43991649313097614,1,0,0.6771328748826912,0,1,0,2,0,0,0,2,0,0,-1.2051132934870794,0,-0.801374763999037,-0.09322592179570675,3,-0.3238267053974923,0.8106642156825693,-1.4797852860309242
0,0,0.02423923498200831,Low Risk,0,-0.43991649313097614,1,0,1.1657772395230555,1,2,2,1,1,1,1,1,1,2,-1.2051132934870794,3,-1.341458789053027,-0.3814459739407833,3,-0.6277769837530498,-1.2335563611353098,-1.4797852860309242
0,1,0.8693502456092465,High Risk,1,-0.43991649313097614,0,0,-1.2367242199587352,1,0,1,0,0,0,0,0,0,0,0.8297975015331794,2,0.18407085709947407,-0.9438470223096477,0,-0.21590311656764485,-1.2335563611353098,0.6757737149030568
1,1,0.7814155454837185,High Risk,0,-0.43991649313097614,0,0,-1.1145631287986442,1,0,1,0,0,0,2,0,2,0,0.8297975015331794,1,0.6859335511496436,-0.8193938819256434,0,0.16077779711587734,0.8106642156825693,0.6757737149030568
1,1,0.7670515711051354,High Risk,0,-0.43991649313097614,0,0,-1.2367242199587352,0,1,0,2,2,0,0,0,2,0,0.8297975015331794,2,-0.736564680992558,-0.9754569721198452,0,-0.60706125173429,0.8106642156825693,-1.4797852860309242
0,0,0.30483546490969643,Medium Risk,1,-0.43991649313097614,0,0,-0.30015585439803716,1,2,0,2,2,2,2,0,2,0,-1.2051132934870794,0,0.5646223701375164,-0.11174599713841331,2,0.2762803899935657,0.8106642156825693,0.6757737149030568
0,1,0.7097895411378626,High Risk,0,-0.43991649313097614,1,0,1.125056875803025,1,2,1,0,2,2,0,2,2,0,0.8297975015331794,2,1.3755793062185846,1.823016915511033,3,0.7199666340866391,0.8106642156825693,0.6757737149030568
0,0,0.23721081525738205,Low Risk,1,-0.43991649313097614,1,1,0.758573602322752,1,2,1,2,2,0,2,2,2,1,-1.2051132934870794,1,1.505199472231542,1.5030103216573776,3,0.7896439245010579,0.8106642156825693,0.6757737149030568
1,1,0.5924540372851141,Medium Risk,1,-0.43991649313097614,1,1,-1.2367242199587352,1,2,0,2,0,0,0,0,0,0,-1.2051132934870794,3,-0.2679379269457112,-0.9572900805739006,0,-0.38225458606239826,0.8106642156825693,0.6757737149030568
1,1,0.5491801624884513,Medium Risk,1,2.273158691738958,1,0,1.2064976032430856,1,2,1,0,2,2,0,2,2,1,0.8297975015331794,2,1.2958130502106107,1.8106996305989589,3,0.6580241788380945,0.8106642156825693,0.6757737149030568
0,0,0.1385330526977581,Low Risk,1,-0.43991649313097614,1,0,0.7992939660427822,1,2,0,2,2,2,2,0,2,1,0.8297975015331794,1,0.5529897911363537,0.9149813740359718,3,0.34394634517931366,0.8106642156825693,0.6757737149030568
0,0,0.14593501663048936,Low Risk,1,-0.43991649313097614,0,0,1.4508197855632678,1,2,0,2,2,2,0,0,2,1,0.8297975015331794,1,0.4034280611214026,1.2101326581925025,3,0.1905042002104277,0.8106642156825693,0.6757737149030568
0,1,0.7893255396086886,High Risk,0,-0.43991649313097614,0,0,-0.4223169455581282,1,2,1,0,0,0,0,2,0,0,0.8297975015331794,0,0.6443886261454905,-0.20306608258868378,1,0.2956926749241446,-1.2335563611353098,0.6757737149030568
1,1,0.7884839736894466,High Risk,1,2.273158691738958,1,0,-1.2774445836787656,0,1,0,0,0,0,0,0,0,0,-1.2051132934870794,2,-1.3198554280508674,-0.9963610380906951,0,-0.7973137944323128,-1.2335563611353098,-1.4797852860309242
1,1,0.8271545485924766,High Risk,1,2.273158691738958,0,0,-1.1960038562387048,0,1,0,0,0,2,0,0,2,0,0.8297975015331794,2,-0.7847567939973756,-0.949056483311887,0,-0.4609232612914443,0.8106642156825693,-1.4797852860309242
1,1,0.8829554838672371,High Risk,0,2.273158691738958,0,0,-0.6666391278783103,1,2,1,0,0,0,0,2,2,0,0.8297975015331794,2,1.0515288911861906,-0.30935233142674334,1,0.5218085290851244,-1.2335563611353098,0.6757737149030568
1,1,0.6150499383298541,Medium Risk,0,2.273158691738958,0,0,-0.015113308357824713,1,0,1,0,2,0,0,0,0,0,0.8297975015331794,2,0.32033821111309646,-0.002192798180305454,2,0.1282475052755837,0.8106642156825693,0.6757737149030568
0,0,0.02527468849731005,Low Risk,1,-0.43991649313097614,0,0,0.7178532386027215,1,2,2,1,1,1,1,1,1,2,-1.2051132934870794,0,-1.3248408190513656,-0.479741439377103,3,-0.6184855630267434,-1.2335563611353098,-1.4797852860309242
0,1,0.6420091679943336,Medium Risk,1,-0.43991649313097614,1,1,-1.2774445836787656,1,0,0,2,0,0,0,0,0,0,0.8297975015331794,3,-0.532163649972125,-0.9858979681116213,0,-0.6031005024606054,0.8106642156825693,0.6757737149030568
1,1,0.7734707551548808,High Risk,0,-0.43991649313097614,0,0,-1.0738427650786138,1,0,1,0,0,2,0,0,2,0,-1.2051132934870794,2,0.6360796411446599,-0.7877618581281484,0,0.16233868352915215,0.8106642156825693,0.6757737149030568
1,1,0.7307285089808909,High Risk,1,-0.43991649313097614,0,0,-1.2774445836787656,1,0,0,0,2,0,0,0,0,0,0.8297975015331794,2,-0.46569176996548,-0.9850150086197164,0,-0.5867111951212208,0.8106642156825693,0.6757737149030568
0,0,0.033857289891319454,Low Risk,0,-0.43991649313097614,1,1,-0.13727439951791576,1,0,2,1,1,1,1,1,1,2,-1.2051132934870794,3,-1.481049737066981,-0.760721223688559,2,-0.6973117041498345,-1.2335563611353098,-1.4797852860309242
1,1,0.5123613057533781,Medium Risk,1,-0.43991649313097614,0,0,-1.2774445836787656,1,0,2,1,1,1,1,1,1,0,0.8297975015331794,3,-1.5109620830699715,-0.9988995466299219,0,-0.8444330530330434,-1.2335563611353098,-1.4797852860309242
0,1,0.5217373133786861,Medium Risk,0,-0.43991649313097614,0,0,1.0436161483629645,1,0,1,0,0,0,2,2,2,0,0.8297975015331794,2,1.0149693571825356,1.5609766123009383,3,0.6134791702662624,0.8106642156825693,0.6757737149030568
0,0,0.41455877274909153,Medium Risk,1,2.273158691738958,1,1,0.10704778280226633,1,0,0,0,2,0,2,2,2,0,0.8297975015331794,2,0.37517751211857825,0.20541305235384827,2,0.24809638455182056,0.8106642156825693,0.6757737149030568
0,0,0.026834993310942818,Low Risk,1,-0.43991649313097614,0,0,0.43281069256250915,1,0,2,1,1,1,1,1,1,2,-1.2051132934870794,3,-1.502653098069141,-0.6206176263105394,2,-0.6762377864626091,-1.2335563611353098,-1.4797852860309242
0,0,0.08289037502871402,Low Risk,0,-0.43991649313097614,0,0,0.35136996512244845,1,0,0,0,0,0,2,0,0,1,-1.2051132934870794,0,-0.4889569279678058,-0.11163562720192519,2,-0.21081072464433612,0.8106642156825693,0.6757737149030568
0,0,0.016704921428397933,Low Risk,0,-0.43991649313097614,1,1,0.5956921474426305,1,0,2,1,1,1,1,1,1,2,-1.2051132934870794,0,-1.5109620830699715,-0.6142823919561213,2,-0.6985340733222302,-1.2335563611353098,-1.4797852860309242
0,1,0.7702731385421416,High Risk,0,-0.43991649313097614,0,0,0.025607055362205634,1,2,1,0,2,0,0,2,2,0,0.8297975015331794,2,1.1711782751981514,0.45855753868300037,2,0.5980670120583784,0.8106642156825693,0.6757737149030568
0,0,0.011087240952515329,Low Risk,1,-0.43991649313097614,0,0,1.4100994218432374,1,0,2,1,1,1,1,1,1,2,-1.2051132934870794,0,-1.4710789550659844,-0.37568466325610345,3,-0.6577034080155699,-1.2335563611353098,-1.4797852860309242
0,0,0.009699119176316905,Low Risk,0,-0.43991649313097614,1,0,1.6137012404433893,1,0,2,1,1,1,1,1,1,2,-1.2051132934870794,0,-1.5076384890696393,-0.346767739896216,3,-0.6666202939536928,-1.2335563611353098,-1.4797852860309242
0,0,0.11194825913356256,Low Risk,1,-0.43991649313097614,1,1,0.7178532386027215,1,2,0,0,0,2,0,0,0,1,-1.2051132934870794,0,-0.32776261895169184,0.14665209816757324,3,-0.16252539207604136,0.8106642156825693,0.6757737149030568
0,0,0.055547794147830926,Low Risk,1,2.273158691738958,1,0,0.6771328748826912,1,0,0,0,2,0,0,0,0,2,-1.2051132934870794,3,-0.4972659129686364,0.05142491696562337,3,-0.2164275744025051,0.8106642156825693,0.6757737149030568
1,1,0.8938456636507804,High Risk,1,-0.43991649313097614,0,0,-1.1552834925186746,1,2,1,0,0,0,0,0,0,0,0.8297975015331794,2,0.31867641411292996,-0.8902734551383142,0,-0.13280932835696493,-1.2335563611353098,0.6757737149030568
0,0,0.36421344981875176,Medium Risk,1,-0.43991649313097614,1,0,1.1657772395230555,1,0,1,0,2,2,2,0,2,0,-1.2051132934870794,1,0.9767480261787151,1.523075576110918,3,0.5125883774846614,0.8106642156825693,0.6757737149030568
0,0,0.1516403649016807,Low Risk,1,-0.43991649313097614,1,1,-1.0331224013585834,1,0,2,1,1,1,1,1,1,1,-1.2051132934870794,3,-1.4660935640654862,-0.9411981438339327,0,-0.6952903562446437,-1.2335563611353098,-1.4797852860309242
1,1,0.7984302006885949,High Risk,1,2.273158691738958,0,0,-0.748079855318371,1,0,1,0,0,0,0,2,2,0,-1.2051132934870794,1,0.8537750481664219,-0.44846259937636984,1,0.38077693263488294,-1.2335563611353098,0.6757737149030568
0,0,0.45163540329265617,Medium Risk,0,-0.43991649313097614,1,0,-0.2594354906780068,1,0,0,0,2,0,2,2,2,0,0.8297975015331794,2,0.27546969210861083,-0.14234054353292017,2,0.18684893601315763,0.8106642156825693,0.6757737149030568
0,1,0.5681633913546855,Medium Risk,0,2.273158691738958,0,0,0.10704778280226633,1,0,1,0,0,0,0,0,0,0,-1.2051132934870794,2,0.19237984210030468,0.06051939973224441,2,0.09868053264109795,-1.2335563611353098,0.6757737149030568
0,0,0.415510656595815,Medium Risk,0,2.273158691738958,1,0,0.880734693482843,1,0,1,0,0,2,2,2,2,1,0.8297975015331794,2,1.141265929195161,1.3929494209914246,3,0.6175974572322206,0.8106642156825693,0.6757737149030568
1,1,0.8480206763190448,High Risk,0,-0.43991649313097614,0,0,-0.9924020376385531,1,2,1,0,0,0,0,2,2,0,-1.2051132934870794,0,1.0266019361836989,-0.6639047154011801,0,0.41435680233913325,-1.2335563611353098,0.6757737149030568
1,1,0.8967936781528147,High Risk,1,-0.43991649313097614,0,1,-1.2774445836787656,1,0,1,0,0,0,0,0,0,0,0.8297975015331794,2,0.22893937610395967,-0.9757880819293095,0,-0.415442933424652,-1.2335563611353098,0.6757737149030568
0,0,0.2138595936431531,Low Risk,0,-0.43991649313097614,1,1,1.4100994218432374,1,2,1,2,0,2,2,0,2,1,0.8297975015331794,0,1.1794872601989819,1.9456379149493344,3,0.6095877310410637,0.8106642156825693,0.6757737149030568
0,0,0.037062859980998654,Low Risk,0,-0.43991649313097614,0,1,-0.3408762181180675,1,0,2,1,1,1,1,1,1,2,-1.2051132934870794,3,-1.4960059100684764,-0.7875190442678746,1,-0.6760493094282062,-1.2335563611353098,-1.4797852860309242
0,0,0.040445389170542696,Low Risk,0,-0.43991649313097614,1,1,1.2879383306831464,1,2,2,1,1,1,1,1,1,1,-1.2051132934870794,3,-1.3248408190513656,-0.3030391710596229,3,-0.6002954094736723,-1.2335563611353098,-1.4797852860309242
1,1,0.6443490820840069,Medium Risk,0,2.273158691738958,1,1,0.06632741908223598,1,2,1,0,2,0,0,0,0,0,0.8297975015331794,3,0.4931650991303729,0.19265428769582177,2,0.2702973923032982,0.8106642156825693,0.6757737149030568
0,0,0.13331274687867867,Low Risk,1,-0.43991649313097614,1,1,-0.9924020376385531,1,0,2,1,1,1,1,1,1,1,-1.2051132934870794,1,-1.491020519067978,-0.9394542988374206,0,-0.7222416616471873,-1.2335563611353098,-1.4797852860309242
0,0,0.3320900948480528,Medium Risk,0,-0.43991649313097614,0,0,-1.0738427650786138,1,0,2,1,1,1,1,1,1,0,-1.2051132934870794,3,-1.481049737066981,-0.9528311351397806,0,-0.7130844613559755,-1.2335563611353098,-1.4797852860309242
1,1,0.8260946212871666,High Risk,1,-0.43991649313097614,0,0,-0.7888002190384014,1,2,1,0,0,0,2,2,2,0,0.8297975015331794,3,1.1379423351948288,-0.4327459204204615,1,0.5212645142616742,0.8106642156825693,0.6757737149030568
0,0,0.02257739562280225,Low Risk,1,-0.43991649313097614,1,1,1.2064976032430856,1,2,2,1,1,1,1,1,1,2,0.8297975015331794,0,-1.3464441800535252,-0.3784880596429018,3,-0.6319834047995764,-1.2335563611353098,-1.4797852860309242
1,1,0.7974318995424199,High Risk,1,-0.43991649313097614,1,0,0.06632741908223598,1,2,1,0,0,2,0,2,2,0,0.8297975015331794,2,1.1728400721983174,0.5289294101878257,2,0.6269755466007048,0.8106642156825693,0.6757737149030568
0,1,0.8592072397203245,High Risk,1,-0.43991649313097614,0,0,-0.9516816739185228,1,2,1,0,2,0,0,2,2,0,0.8297975015331794,1,1.1479131171958254,-0.6018105891329637,0,0.5031777429478534,0.8106642156825693,0.6757737149030568
0,0,0.09644394779149996,Low Risk,1,-0.43991649313097614,0,0,-0.4223169455581282,1,0,2,1,1,1,1,1,1,1,-1.2051132934870794,1,-1.477726143066649,-0.8011828424051037,1,-0.6697087852236042,-1.2335563611353098,-1.4797852860309242
1,0,0.2231176383954328,Low Risk,1,-0.43991649313097614,0,1,0.3106496014024181,1,0,0,2,2,0,0,0,0,0,0.8297975015331794,3,-0.3161300399505289,-0.06300663318525958,2,-0.14746776494562933,0.8106642156825693,0.6757737149030568
1,1,0.5580977969029906,Medium Risk,0,2.273158691738958,1,0,0.10704778280226633,1,2,1,2,2,0,2,2,0,0,0.8297975015331794,0,1.1877962451998125,0.6054599241486881,2,0.6606289080402465,0.8106642156825693,0.6757737149030568
0,0,0.3973695362477392,Medium Risk,1,-0.43991649313097614,0,0,-1.0331224013585834,1,2,2,1,1,1,1,1,1,0,-1.2051132934870794,3,-1.3713711350560172,-0.9310441096770258,0,-0.648171097643913,-1.2335563611353098,-1.4797852860309242
0,0,0.08609130833342718,Low Risk,1,2.273158691738958,0,0,-0.015113308357824713,1,0,2,1,1,1,1,1,1,1,-1.2051132934870794,1,-1.4943441130683104,-0.7479624590305323,2,-0.7107112045139736,-1.2335563611353098,-1.4797852860309242
0,0,0.013218018160962203,Low Risk,1,-0.43991649313097614,0,1,1.1657772395230555,1,0,2,1,1,1,1,1,1,2,-1.2051132934870794,3,-1.4960059100684764,-0.5111085753270267,3,-0.7054147186817151,-1.2335563611353098,-1.4797852860309242
0,0,0.39089323679728755,Medium Risk,1,-0.43991649313097614,0,0,-1.2367242199587352,1,0,2,1,1,1,1,1,1,0,-1.2051132934870794,3,-1.462769970065154,-0.9879067009557052,0,-0.7611207407245051,-1.2335563611353098,-1.4797852860309242
0,0,0.1842758987028159,Low Risk,0,-0.43991649313097614,1,0,0.9621754209229036,1,2,1,0,0,2,2,2,2,2,-1.2051132934870794,0,1.2775332832087833,1.528594072935324,3,0.6490928963172252,0.8106642156825693,0.6757737149030568
1,1,0.5363416712650402,Medium Risk,0,2.273158691738958,1,0,1.3286586944031769,1,2,1,0,2,2,0,2,2,1,0.8297975015331794,2,1.3789029002189168,2.0740202250723154,3,0.730653879133357,0.8106642156825693,0.6757737149030568
0,0,0.39311748245767897,Medium Risk,0,-0.43991649313097614,1,1,-0.1779947632379461,1,2,0,0,0,0,0,0,0,0,-1.2051132934870794,3,-0.49394231896830415,-0.3848232939973198,2,-0.20558915591441143,-1.2335563611353098,0.6757737149030568
0,1,0.5034501005477471,Medium Risk,1,-0.43991649313097614,0,0,-0.5851984004382496,1,2,0,2,0,2,0,2,0,0,-1.2051132934870794,3,0.1574821050968162,-0.4779092984314002,1,0.032006721818625024,0.8106642156825693,0.6757737149030568
0,0,0.059570127166216534,Low Risk,0,-0.43991649313097614,1,1,1.5729808767233588,1,2,0,2,2,2,2,2,2,2,0.8297975015331794,1,0.8570986421667539,1.7469941032580159,3,0.4176005194167196,0.8106642156825693,0.6757737149030568
0,0,0.09311023258143422,Low Risk,1,-0.43991649313097614,0,0,1.6137012404433893,1,2,0,0,2,2,2,2,2,2,0.8297975015331794,0,0.7922885591602751,1.7306152046831786,3,0.38981649625828135,0.8106642156825693,0.6757737149030568
1,1,0.9504955207344661,High Risk,1,2.273158691738958,0,0,-1.2774445836787656,1,2,1,0,0,0,0,0,0,0,0.8297975015331794,2,0.3884718881199074,-0.9736689791487377,0,-0.37610859581012906,-1.2335563611353098,0.6757737149030568
1,0,0.42525924066041404,Medium Risk,1,-0.43991649313097614,0,0,-1.2774445836787656,1,0,2,1,1,1,1,1,1,0,-1.2051132934870794,3,-1.4960059100684764,-0.9987008807442433,0,-0.8407454588816818,-1.2335563611353098,-1.4797852860309242
0,0,0.1628053604193515,Low Risk,0,-0.43991649313097614,0,0,0.06632741908223598,1,0,2,1,1,1,1,1,1,0,-1.2051132934870794,3,-1.4760643460664828,-0.7102159407515952,2,-0.6873532488331418,-1.2335563611353098,-1.4797852860309242
1,1,0.8500815895515044,High Risk,0,-0.43991649313097614,0,0,-0.9924020376385531,1,2,1,0,0,0,0,2,0,0,0.8297975015331794,2,0.7407728521551253,-0.6709683913364198,0,0.38522025595800496,-1.2335563611353098,0.6757737149030568
1,1,0.739632412954289,High Risk,0,-0.43991649313097614,0,0,0.5956921474426305,1,2,1,0,2,2,0,2,2,0,0.8297975015331794,2,1.3838882912194153,1.256465957530215,2,0.7483173930376691,0.8106642156825693,0.6757737149030568
0,0,0.016675120194035414,Low Risk,0,-0.43991649313097614,1,1,1.6137012404433893,1,2,2,1,1,1,1,1,1,2,0.8297975015331794,0,-1.3530913680541898,-0.25286499793212347,3,-0.618866791610034,-1.2335563611353098,-1.4797852860309242
0,0,0.028291199229875264,Low Risk,0,-0.43991649313097614,1,1,0.7992939660427822,1,2,2,1,1,1,1,1,1,2,0.8297975015331794,0,-1.3198554280508674,-0.446630458430667,3,-0.6097876490872883,-1.2335563611353098,-1.4797852860309242
1,0,0.3638284562010202,Medium Risk,1,-0.43991649313097614,0,0,-1.1960038562387048,1,0,2,1,1,1,1,1,1,0,-1.2051132934870794,3,-1.4926823160681442,-0.9789225881255721,0,-0.738107421668786,-1.2335563611353098,-1.4797852860309242
0,0,0.023466170933381693,Low Risk,0,-0.43991649313097614,1,0,1.125056875803025,0,1,0,2,2,0,2,0,0,2,-1.2051132934870794,0,-0.8994207870088381,0.0029945888346361864,3,-0.38766843102778525,0.8106642156825693,-1.4797852860309242
1,1,0.9422567841622801,High Risk,0,-0.43991649313097614,0,0,-1.1960038562387048,1,2,1,0,0,0,0,2,2,0,0.8297975015331794,2,1.0581760791868549,-0.8785521678832758,0,0.19341983423348483,-1.2335563611353098,0.6757737149030568
1,1,0.8274051185023034,High Risk,1,-0.43991649313097614,0,0,-0.5444780367182193,1,2,1,0,0,0,0,0,2,0,0.8297975015331794,0,0.7058751151516368,-0.33087446904192674,1,0.2531998327538902,-1.2335563611353098,0.6757737149030568
0,1,0.9116384593185367,High Risk,1,-0.43991649313097614,0,0,-1.2774445836787656,1,0,1,0,0,0,0,0,0,0,0.8297975015331794,2,0.17077648109814536,-0.9765606714847264,0,-0.42978357734661354,-1.2335563611353098,0.6757737149030568
1,1,0.9343799808099067,High Risk,0,-0.43991649313097614,1,0,-1.0738427650786138,1,2,1,0,2,2,0,2,2,0,0.8297975015331794,2,1.3473287572157604,-0.7667253482335127,0,0.2739030399179628,0.8106642156825693,0.6757737149030568
0,0,0.08940304565217141,Low Risk,1,-0.43991649313097614,1,1,0.6771328748826912,1,0,0,2,2,0,2,0,0,0,-1.2051132934870794,1,-0.17155370093607614,0.30390718367584674,3,-0.028966677054624287,0.8106642156825693,0.6757737149030568
1,1,0.7576403597767373,High Risk,1,2.273158691738958,0,0,-0.4223169455581282,1,2,1,0,0,0,2,2,0,0,0.8297975015331794,0,0.8554368451665879,-0.16392890310999647,1,0.35886276603877243,0.8106642156825693,0.6757737149030568
0,0,0.07029166562765982,Low Risk,0,-0.43991649313097614,1,1,0.3920903288424788,1,0,2,1,1,1,1,1,1,1,0.8297975015331794,2,-1.5192710680708021,-0.6710787612729079,2,-0.7122132689392641,-1.2335563611353098,-1.4797852860309242
0,1,0.7996636539407109,High Risk,1,2.273158691738958,1,0,0.5549717837226001,1,2,1,0,0,2,0,2,2,0,0.8297975015331794,2,1.1329569441943304,1.007890786571671,2,0.5892303241962923,0.8106642156825693,0.6757737149030568
0,0,0.3162719708202713,Medium Risk,1,-0.43991649313097614,0,0,1.4508197855632678,0,1,0,0,0,2,0,0,2,0,0.8297975015331794,0,-0.8263017190015288,0.2271117818674127,3,-0.33838349815537905,0.8106642156825693,-1.4797852860309242
0,0,0.15463961085357636,Low Risk,0,-0.43991649313097614,0,1,-1.2367242199587352,1,0,2,1,1,1,1,1,1,1,-1.2051132934870794,0,-1.4710789550659844,-0.9905335054441224,0,-0.7936262002809511,-1.2335563611353098,-1.4797852860309242
0,0,4.972130213859646e-22,Low Risk,1,-0.43991649313097614,0,1,-1.318164947398796,1,0,2,1,1,1,1,1,1,2,-1.2051132934870794,3,-1.479387940066815,-0.3904631977518628,4,21.901057405248352,-1.2335563611353098,-1.4797852860309242
1,0,0.2440465087738915,Low Risk,0,-0.43991649313097614,1,1,0.10704778280226633,1,2,0,2,0,2,2,2,0,0,-1.2051132934870794,2,0.24888094010595296,0.12654269573943788,2,0.16676444688012473,0.8106642156825693,0.6757737149030568
0,0,0.41475863826508386,Medium Risk,0,-0.43991649313097614,0,0,-1.2367242199587352,1,0,2,1,1,1,1,1,1,0,-1.2051132934870794,3,-1.504314895069307,-0.9952573387258139,0,-0.8520813964580896,-1.2335563611353098,-1.4797852860309242
0,0,0.012501357634555023,Low Risk,1,-0.43991649313097614,1,1,1.4508197855632678,1,0,0,2,2,2,2,0,0,2,-1.2051132934870794,1,-0.07018408392594272,0.9244069666120575,3,0.03677724789086698,0.8106642156825693,0.6757737149030568
0,1,0.7998729137839621,High Risk,1,-0.43991649313097614,1,0,-0.6666391278783103,1,2,1,0,0,0,0,0,0,0,0.8297975015331794,2,0.35357415111641893,-0.482324095890925,1,0.14408319875742584,-1.2335563611353098,0.6757737149030568
0,0,0.17169704559736682,Low Risk,1,-0.43991649313097614,1,0,1.6137012404433893,1,2,1,2,0,2,2,2,2,2,0.8297975015331794,1,1.5334500212343665,2.6307482587056907,3,0.8475720953578871,0.8106642156825693,0.6757737149030568
0,0,0.22955745544168263,Low Risk,1,-0.43991649313097614,1,0,0.18848851024232702,1,2,1,0,0,2,2,2,0,2,-1.2051132934870794,3,0.9817334171792131,0.5205192210274309,2,0.4901094268325019,0.8106642156825693,0.6757737149030568
0,0,0.02137002677797742,Low Risk,1,-0.43991649313097614,1,1,0.8400143297628127,1,2,2,1,1,1,1,1,1,2,-1.2051132934870794,1,-1.303237458049206,-0.41755901715969623,3,-0.5970759144849243,-1.2335563611353098,-1.4797852860309242
0,1,0.5938242214461558,Medium Risk,0,-0.43991649313097614,0,0,0.3106496014024181,1,2,1,0,0,0,0,0,2,0,-1.2051132934870794,0,0.6344178441444933,0.5519967269138428,2,0.4093889323502167,-1.2335563611353098,0.6757737149030568
0,0,0.45993132333780945,Medium Risk,0,-0.43991649313097614,0,0,0.5549717837226001,1,2,1,0,2,2,0,0,2,1,0.8297975015331794,2,0.9767480261787151,0.9388212803174057,2,0.5346748532761494,0.8106642156825693,0.6757737149030568
1,1,0.9233344698741772,High Risk,1,-0.43991649313097614,0,0,-1.1960038562387048,1,2,1,0,0,2,0,2,2,0,0.8297975015331794,2,1.2027524182013078,-0.861753863549784,0,0.3493231202993807,0.8106642156825693,0.6757737149030568
1,1,0.8682562549250493,High Risk,0,-0.43991649313097614,0,0,-1.2774445836787656,1,0,1,0,0,2,0,0,0,0,-1.2051132934870794,2,0.3502505571160864,-0.9741766808565829,0,-0.3855324475302752,0.8106642156825693,0.6757737149030568
1,0,0.3327109001552646,Medium Risk,1,-0.43991649313097614,0,0,-1.0331224013585834,1,0,2,1,1,1,1,1,1,0,-1.2051132934870794,2,-1.5126238800701375,-0.9578419302563412,0,-0.7725249670814935,-1.2335563611353098,-1.4797852860309242
1,1,0.6415514699518828,Medium Risk,1,-0.43991649313097614,0,0,-1.0738427650786138,0,1,0,0,2,0,0,0,0,0,0.8297975015331794,1,-1.1387195550327598,-0.9152832827465223,0,-0.513954377182453,0.8106642156825693,-1.4797852860309242
0,1,0.5666636126362861,Medium Risk,1,-0.43991649313097614,0,0,0.5549717837226001,1,2,1,2,0,0,0,2,0,0,0.8297975015331794,1,0.8105683261621028,0.8669042297017469,2,0.4778702114551762,0.8106642156825693,0.6757737149030568
1,0,0.3295676791669206,Medium Risk,0,-0.43991649313097614,1,0,0.880734693482843,1,2,0,0,0,0,0,2,2,1,0.8297975015331794,1,0.179085466098976,0.6329641123215277,3,0.10462703687979193,-1.2335563611353098,0.6757737149030568
1,1,0.8201581348182391,High Risk,1,2.273158691738958,0,0,-0.7073594915983407,1,0,1,0,0,0,0,0,2,0,0.8297975015331794,2,0.48651791112970877,-0.49702537143114267,1,0.18164001958330217,-1.2335563611353098,0.6757737149030568
1,1,0.9148466807336255,High Risk,1,-0.43991649313097614,0,0,-1.1960038562387048,1,2,1,0,0,0,0,0,2,0,0.8297975015331794,2,0.682609957149311,-0.890516268998588,0,0.08238227700915447,-1.2335563611353098,0.6757737149030568
0,0,0.009563812241730198,Low Risk,1,-0.43991649313097614,1,1,1.5322605130033284,1,0,2,1,1,1,1,1,1,2,-1.2051132934870794,1,-1.4860351280674797,-0.4068972812949438,3,-0.6885961321201063,-1.2335563611353098,-1.4797852860309242
0,0,0.22753880858905468,Low Risk,1,-0.43991649313097614,0,1,0.26992923768238775,1,2,1,0,0,0,2,2,2,2,-1.2051132934870794,3,1.1894580421999785,0.7122980226691883,2,0.593462339753688,0.8106642156825693,0.6757737149030568
0,0,0.41338701971504455,Medium Risk,1,-0.43991649313097614,1,0,-1.2367242199587352,1,0,2,1,1,1,1,1,1,0,-1.2051132934870794,3,-1.4876969250676457,-0.9906438753806105,0,-0.7949919758925665,-1.2335563611353098,-1.4797852860309242
0,1,0.7409244054929698,High Risk,1,-0.43991649313097614,0,0,-0.5851984004382496,1,2,1,0,0,0,0,0,0,0,0.8297975015331794,0,0.36022133911708304,-0.39153378613579753,1,0.20077345765812987,-1.2335563611353098,0.6757737149030568
0,0,0.026042508361995394,Low Risk,1,2.273158691738958,0,0,1.6137012404433893,1,2,2,1,1,1,1,1,1,2,0.8297975015331794,1,-1.3181936310507012,-0.21721550844646073,3,-0.6007375235599614,-1.2335563611353098,-1.4797852860309242
0,0,0.1760845930851855,Low Risk,1,-0.43991649313097614,0,1,0.5956921474426305,1,0,0,2,2,0,0,0,0,0,0.8297975015331794,2,-0.31446824295036285,0.16428921401837493,2,-0.09638067835615374,0.8106642156825693,0.6757737149030568
0,0,0.20219494948934572,Low Risk,0,-0.43991649313097614,1,1,-0.4223169455581282,1,0,2,1,1,1,1,1,1,0,-1.2051132934870794,3,-1.491020519067978,-0.830695763422027,1,-0.7173446632948156,-1.2335563611353098,-1.4797852860309242
0,0,0.03938790535462294,Low Risk,1,-0.43991649313097614,1,1,1.5729808767233588,1,2,0,2,2,2,2,2,2,2,-1.2051132934870794,1,0.8354952811645946,1.8432808358502517,3,0.46724646289893873,0.8106642156825693,0.6757737149030568
0,1,0.8495798529979878,High Risk,1,-0.43991649313097614,0,0,-0.9924020376385531,1,2,1,0,0,0,0,0,0,0,0.8297975015331794,2,0.33529438411459117,-0.7546950251563076,0,0.03986112963419565,-1.2335563611353098,0.6757737149030568
0,0,0.008373859491400352,Low Risk,0,-0.43991649313097614,1,1,1.5729808767233588,1,0,2,1,1,1,1,1,1,2,-1.2051132934870794,0,-1.491020519067978,-0.39405022068772666,3,-0.6863331445251328,-1.2335563611353098,-1.4797852860309242
0,0,0.2651502204079163,Low Risk,0,-0.43991649313097614,0,0,0.8400143297628127,1,0,1,0,2,2,2,0,2,1,0.8297975015331794,1,0.9867188081797118,1.2188518831750639,3,0.5279134568026652,0.8106642156825693,0.6757737149030568
0,1,0.6478671661052148,Medium Risk,1,2.273158691738958,1,0,0.18848851024232702,1,0,1,0,0,0,0,0,0,0,0.8297975015331794,0,0.24888094010595296,0.12958890598650982,2,0.108195436068685,-1.2335563611353098,0.6757737149030568
0,0,0.16437509686655524,Low Risk,1,-0.43991649313097614,1,0,1.2879383306831464,1,2,0,0,2,0,2,0,2,1,0.8297975015331794,3,0.179085466098976,0.9707181919624724,3,0.12718812184313338,0.8106642156825693,0.6757737149030568
0,0,0.44454568516583176,Medium Risk,1,-0.43991649313097614,0,1,-1.1145631287986442,1,0,0,0,0,0,2,0,0,0,0.8297975015331794,0,-0.5354872439724572,-0.9035840694787814,0,-0.3601290211542292,0.8106642156825693,0.6757737149030568
0,0,0.22145688597596064,Low Risk,0,-0.43991649313097614,0,0,1.125056875803025,1,2,1,0,2,2,0,2,2,2,-1.2051132934870794,2,1.327387193213767,1.7888243091870133,3,0.6991575873090108,0.8106642156825693,0.6757737149030568
0,1,0.6982818264637776,Medium Risk,1,-0.43991649313097614,0,0,-1.2367242199587352,1,0,0,0,2,0,0,0,0,0,0.8297975015331794,3,-0.4806479429669752,-0.9664728592897123,0,-0.495887116948798,0.8106642156825693,0.6757737149030568
0,0,0.3113886751945107,Medium Risk,0,-0.43991649313097614,0,0,-0.30015585439803716,0,1,0,0,0,2,2,2,2,1,-1.2051132934870794,2,-0.3510277769540174,-0.3791282052745328,2,-0.105495917317906,0.8106642156825693,-1.4797852860309242
0,0,0.30172569988215675,Medium Risk,0,-0.43991649313097614,1,1,-1.0738427650786138,1,0,2,1,1,1,1,1,1,0,-1.2051132934870794,3,-1.4976677070686424,-0.9573121545611983,0,-0.7368489569980832,-1.2335563611353098,-1.4797852860309242
0,0,0.18394115304451872,Low Risk,1,-0.43991649313097614,1,1,1.125056875803025,1,2,1,2,0,2,2,2,2,2,0.8297975015331794,2,1.5234792392333694,1.9005407589002887,3,0.7671463450505069,0.8106642156825693,0.6757737149030568
1,1,0.7859089785520046,High Risk,0,-0.43991649313097614,0,0,-0.0965540357978854,1,2,1,0,2,0,0,2,2,0,0.8297975015331794,2,1.1778254631988159,0.3098671602462052,2,0.5749073969243376,0.8106642156825693,0.6757737149030568
0,0,0.10403194566433788,Low Risk,1,-0.43991649313097614,0,0,1.4100994218432374,0,1,0,2,0,2,2,2,0,1,0.8297975015331794,0,-0.5122220859701314,0.45888864849246475,3,-0.2020806639806786,0.8106642156825693,-1.4797852860309242
0,0,0.050213667462606096,Low Risk,1,-0.43991649313097614,0,0,0.8400143297628127,1,2,2,1,1,1,1,1,1,1,-1.2051132934870794,0,-1.3530913680541898,-0.432657624471271,3,-0.6074558091332012,-1.2335563611353098,-1.4797852860309242
1,0,0.3520831093793482,Medium Risk,0,-0.43991649313097614,1,1,-0.9109613101984924,1,0,0,0,0,2,2,0,0,0,-1.2051132934870794,1,-0.31779183695069496,-0.774164281952812,0,-0.21538163860684625,0.8106642156825693,0.6757737149030568
1,1,0.692391276901592,Medium Risk,0,-0.43991649313097614,0,0,-1.2774445836787656,1,0,0,0,0,0,2,0,0,0,0.8297975015331794,2,-0.4174996569606623,-0.9843748629880854,0,-0.5748289473001671,0.8106642156825693,0.6757737149030568
1,0,0.4306842160663995,Medium Risk,1,-0.43991649313097614,1,0,0.9214550572028734,0,1,0,0,0,2,2,2,2,0,0.8297975015331794,0,-0.3393951979528547,0.3074390216434666,3,-0.13094211798508512,0.8106642156825693,-1.4797852860309242
0,0,0.06601706634693646,Low Risk,0,-0.43991649313097614,0,0,1.5322605130033284,1,2,0,2,2,2,0,2,2,2,-1.2051132934870794,3,0.6626683931473177,1.6375071262618008,3,0.38035604291119074,0.8106642156825693,0.6757737149030568
0,0,0.19127435991852657,Low Risk,0,-0.43991649313097614,1,0,0.06632741908223598,1,0,0,0,0,0,2,0,0,0,-1.2051132934870794,0,-0.48397153696730727,-0.2060019228992678,2,-0.15254673705282396,0.8106642156825693,0.6757737149030568
0,0,0.12160917255017085,Low Risk,0,-0.43991649313097614,0,0,1.4508197855632678,1,2,1,2,2,0,2,2,2,2,-1.2051132934870794,1,1.5118466602322065,2.206265482972381,3,0.7264464265179696,0.8106642156825693,0.6757737149030568
0,0,0.40072943306313374,Medium Risk,0,-0.43991649313097614,1,0,1.0843365120829946,1,2,1,2,2,2,0,2,2,1,0.8297975015331794,1,1.475287126228552,1.8876936982930714,3,0.7886931345560488,0.8106642156825693,0.6757737149030568
0,1,0.6417560324312662,Medium Risk,0,-0.43991649313097614,0,0,-0.9516816739185228,1,0,1,2,0,0,0,0,0,0,0.8297975015331794,2,0.33529438411459117,-0.6947641496432584,0,0.15810087691711128,0.8106642156825693,0.6757737149030568
1,1,0.8537446131685674,High Risk,1,-0.43991649313097614,0,0,-1.0738427650786138,1,0,1,0,0,0,0,2,0,0,0.8297975015331794,1,0.5230774451333633,-0.8029929093635089,0,0.08156281164218529,-1.2335563611353098,0.6757737149030568
0,0,0.4751406828151528,Medium Risk,1,-0.43991649313097614,1,0,0.7178532386027215,1,2,1,2,0,2,0,2,2,1,0.8297975015331794,2,1.302460238211275,1.3020928892744041,3,0.6785352975050825,0.8106642156825693,0.6757737149030568
1,0,0.05136826834588447,Low Risk,0,2.273158691738958,1,1,1.6137012404433893,1,2,0,2,2,2,2,2,2,2,-1.2051132934870794,1,0.9202469281730669,1.8358198281436549,3,0.44331748172369706,0.8106642156825693,0.6757737149030568
0,1,0.6434571316690965,Medium Risk,1,2.273158691738958,1,0,0.35136996512244845,0,1,0,0,2,2,0,2,2,0,0.8297975015331794,2,-0.35933676195484804,-0.029365876543680478,2,-0.1380929288659,0.8106642156825693,-1.4797852860309242
0,1,0.573555099606443,Medium Risk,1,-0.43991649313097614,0,0,-1.1552834925186746,1,0,0,0,0,0,2,0,0,0,0.8297975015331794,3,-0.46402997296531395,-0.918108753120618,0,-0.33947849390660456,0.8106642156825693,0.6757737149030568
0,0,0.09145163673045312,Low Risk,1,-0.43991649313097614,1,1,0.5956921474426305,0,1,0,2,0,2,2,0,0,1,-1.2051132934870794,2,-0.8130073430001998,-0.21505225769129363,2,-0.3897663519262829,0.8106642156825693,-1.4797852860309242
0,0,0.26956218154177675,Low Risk,1,-0.43991649313097614,1,1,1.2064976032430856,1,2,1,2,2,0,0,2,0,1,0.8297975015331794,1,1.003336778181373,1.549564360868067,3,0.5041467932627616,0.8106642156825693,0.6757737149030568
0,0,0.21686137815960088,Low Risk,0,-0.43991649313097614,1,1,-0.5851984004382496,1,0,2,1,1,1,1,1,1,0,-1.2051132934870794,3,-1.4727407520661506,-0.8498118364217694,1,-0.6946434099022996,-1.2335563611353098,-1.4797852860309242
1,1,0.8685130627823935,High Risk,0,-0.43991649313097614,1,0,-1.1960038562387048,1,2,1,0,0,0,0,0,0,0,0.8297975015331794,2,0.36853032411791364,-0.8941364029153984,0,0.048784196963416133,-1.2335563611353098,0.6757737149030568
0,0,0.02360888526067874,Low Risk,1,-0.43991649313097614,0,0,1.3286586944031769,1,2,2,1,1,1,1,1,1,2,0.8297975015331794,0,-1.3181936310507012,-0.24586754395877672,3,-0.5742329724878259,-1.2335563611353098,-1.4797852860309242
1,0,0.3780892079079512,Medium Risk,1,-0.43991649313097614,1,0,1.0843365120829946,1,2,1,0,0,0,0,0,2,1,-1.2051132934870794,2,0.6909189421501416,1.2373498845304727,3,0.3863083238619251,-1.2335563611353098,0.6757737149030568
0,0,0.11033891199876439,Low Risk,0,-0.43991649313097614,0,0,1.125056875803025,1,0,0,0,2,2,2,2,0,1,0.8297975015331794,1,0.179085466098976,0.8576993769986375,3,0.1324905691205514,0.8106642156825693,0.6757737149030568
0,0,0.4005266918925286,Medium Risk,0,-0.43991649313097614,0,0,-0.9109613101984924,1,0,2,1,1,1,1,1,1,0,0.8297975015331794,3,-1.4694171580658184,-0.9247088753226077,0,-0.7234501661277681,-1.2335563611353098,-1.4797852860309242
0,0,0.14438963891461912,Low Risk,1,-0.43991649313097614,1,1,-1.0331224013585834,0,1,0,2,2,2,0,0,0,2,-1.2051132934870794,3,-0.8711702380060141,-0.8838057768601104,0,-0.42896411197964435,0.8106642156825693,-1.4797852860309242
0,1,0.5223301341665434,Medium Risk,1,-0.43991649313097614,0,0,-0.1779947632379461,1,0,1,0,0,2,2,0,2,0,-1.2051132934870794,2,0.8720548151682491,0.1519719291063007,2,0.4815749404289577,0.8106642156825693,0.6757737149030568
0,1,0.6361701896650732,Medium Risk,1,2.273158691738958,1,0,-0.13727439951791576,1,2,1,0,0,0,2,0,0,0,0.8297975015331794,2,0.4831943171293762,0.05855481486275596,2,0.3165035323522631,0.8106642156825693,0.6757737149030568
0,0,1.7242356612465374e-21,Low Risk,1,-0.43991649313097614,1,1,-1.318164947398796,1,0,2,1,1,1,1,1,1,1,0.8297975015331794,3,-1.4976677070686424,-0.3904631977518628,4,21.901057405248352,-1.2335563611353098,-1.4797852860309242
0,0,0.15857249160788411,Low Risk,0,-0.43991649313097614,0,0,0.18848851024232702,1,2,0,2,0,0,0,2,0,1,-1.2051132934870794,0,-0.003712203919297562,0.02910811580772542,2,0.010032111057002689,0.8106642156825693,0.6757737149030568
0,0,0.03501270312249451,Low Risk,0,-0.43991649313097614,1,1,0.5142514200025698,1,2,2,1,1,1,1,1,1,2,0.8297975015331794,0,-1.3331498040521963,-0.5046629710361206,2,-0.5968476254213403,-1.2335563611353098,-1.4797852860309242
0,0,0.27710318436470904,Low Risk,1,-0.43991649313097614,1,0,1.1657772395230555,1,2,0,0,2,2,0,2,2,1,0.8297975015331794,2,0.4998122871310375,1.1623645496804442,3,0.29660638455491684,0.8106642156825693,0.6757737149030568
0,0,0.013370234101408758,Low Risk,0,-0.43991649313097614,1,0,1.2879383306831464,1,0,2,1,1,1,1,1,1,2,-1.2051132934870794,1,-1.505976692069473,-0.4738476847686375,3,-0.6978496096214861,-1.2335563611353098,-1.4797852860309242
0,0,0.34794578603895326,Medium Risk,1,-0.43991649313097614,1,1,1.247217966963116,1,2,1,0,2,0,0,0,2,1,0.8297975015331794,2,0.8836873941694119,1.5375781857654567,3,0.47365138144424335,0.8106642156825693,0.6757737149030568
1,1,0.7244294027587079,High Risk,0,2.273158691738958,1,0,0.18848851024232702,1,2,1,0,0,0,0,0,0,0,0.8297975015331794,2,0.39013368512007346,0.2588100276268009,2,0.23443623233810262,-1.2335563611353098,0.6757737149030568
0,0,0.016993399919845074,Low Risk,0,2.273158691738958,1,0,1.6137012404433893,1,2,2,1,1,1,1,1,1,2,-1.2051132934870794,0,-1.3447823830533592,-0.22216008160112852,3,-0.6032520474257299,-1.2335563611353098,-1.4797852860309242
0,0,0.04189468185123721,Low Risk,0,-0.43991649313097614,1,1,1.369379058123207,1,2,0,2,2,2,2,2,2,2,-1.2051132934870794,1,0.8354952811645946,1.623291478442131,3,0.4550433257581909,0.8106642156825693,0.6757737149030568
1,1,0.9654313267040636,High Risk,0,-0.43991649313097614,0,0,-1.2774445836787656,1,2,1,0,0,0,0,2,2,0,-1.2051132934870794,3,1.0266019361836989,-0.96519256802645,0,-0.2187712453520371,-1.2335563611353098,0.6757737149030568
0,1,0.8079553145215032,High Risk,0,-0.43991649313097614,1,0,-0.9516816739185228,1,0,1,0,0,0,0,0,2,0,0.8297975015331794,2,0.4981504901308714,-0.6678780331147525,0,0.25791175861396315,-1.2335563611353098,0.6757737149030568
0,1,0.762673859886535,High Risk,1,-0.43991649313097614,0,0,-1.2774445836787656,0,1,0,0,0,0,0,0,0,0,-1.2051132934870794,3,-1.3098846460498705,-0.9962285941669095,0,-0.794855398331405,-1.2335563611353098,-1.4797852860309242
1,1,0.865579855915578,High Risk,0,2.273158691738958,0,0,-1.1552834925186746,1,0,1,0,2,2,0,2,2,0,0.8297975015331794,1,1.1645310871974868,-0.811910800231749,0,0.4490110821911875,0.8106642156825693,0.6757737149030568
1,1,0.6871847655693544,Medium Risk,0,2.273158691738958,1,0,0.22920887396235737,1,2,1,0,0,0,0,0,0,0,0.8297975015331794,0,0.3386179781149237,0.25956054319492,2,0.20343202006325,-1.2335563611353098,0.6757737149030568
0,0,0.21773907045258087,Low Risk,1,-0.43991649313097614,1,1,0.47353105628253944,1,0,0,0,2,2,2,0,0,0,0.8297975015331794,3,-0.09511103892843457,0.28348874542554453,2,0.06236911171361704,0.8106642156825693,0.6757737149030568
0,0,0.4660904296353252,Medium Risk,0,-0.43991649313097614,1,0,-0.4223169455581282,1,0,0,0,2,2,0,0,0,0,0.8297975015331794,3,-0.33440980695235617,-0.48702585518531893,1,-0.16263786771464497,0.8106642156825693,0.6757737149030568
1,0,0.4328816665980088,Medium Risk,0,-0.43991649313097614,0,0,0.8400143297628127,1,2,1,2,0,2,0,2,2,1,0.8297975015331794,1,1.4021680582212426,1.5467609644812685,3,0.7533423091420707,0.8106642156825693,0.6757737149030568
0,1,0.8343617900381269,High Risk,1,2.273158691738958,1,0,-0.38159658183809786,1,0,1,0,0,0,0,2,2,0,0.8297975015331794,2,0.8537750481664219,-0.07269711360891644,1,0.44325433798822855,-1.2335563611353098,0.6757737149030568
0,0,0.27798170417122353,Low Risk,0,-0.43991649313097614,0,0,-0.5037576729981889,1,0,2,1,1,1,1,1,1,0,0.8297975015331794,1,-1.5242564590713006,-0.8539396720464251,1,-0.731268788070626,-1.2335563611353098,-1.4797852860309242
0,0,0.029905925137040462,Low Risk,1,-0.43991649313097614,0,0,0.758573602322752,1,2,2,1,1,1,1,1,1,2,-1.2051132934870794,3,-1.329826210051864,-0.462369211373873,3,-0.6134698911426392,-1.2335563611353098,-1.4797852860309242
0,0,0.012034228721859233,Low Risk,1,-0.43991649313097614,1,1,1.2064976032430856,1,0,2,1,1,1,1,1,1,2,-1.2051132934870794,1,-1.4660935640654862,-0.46949910927100547,3,-0.6856128604823405,-1.2335563611353098,-1.4797852860309242
0,0,0.41369302186234114,Medium Risk,1,-0.43991649313097614,0,0,-1.0331224013585834,1,0,2,1,1,1,1,1,1,0,0.8297975015331794,3,-1.5225946620711341,-0.9497849248927084,0,-0.7351368597135224,-1.2335563611353098,-1.4797852860309242
0,1,0.7452406972279484,High Risk,0,-0.43991649313097614,0,0,-0.62591876415828,1,0,1,0,2,0,0,2,0,0,0.8297975015331794,2,0.6244470621434968,-0.4206273013940659,1,0.20762390059428493,0.8106642156825693,0.6757737149030568
0,0,0.10652231744861633,Low Risk,1,-0.43991649313097614,0,1,0.35136996512244845,1,0,0,2,2,2,0,2,0,1,-1.2051132934870794,3,0.18074726309914202,0.27046509291994636,2,0.1269260730279818,0.8106642156825693,0.6757737149030568
0,1,0.7346336942324623,High Risk,0,-0.43991649313097614,0,0,-1.0331224013585834,1,0,1,0,2,0,0,2,2,1,0.8297975015331794,3,0.9734244321783826,-0.7277647606532063,0,0.29513597290854054,0.8106642156825693,0.6757737149030568
0,1,0.7962266279059382,High Risk,1,-0.43991649313097614,0,1,-1.2774445836787656,1,2,0,0,0,0,0,0,0,0,0.8297975015331794,2,-0.4889569279678058,-0.985324044441883,0,-0.5924474526900055,-1.2335563611353098,0.6757737149030568
0,0,0.07359750203861938,Low Risk,0,-0.43991649313097614,1,0,1.2879383306831464,1,2,0,0,0,2,2,0,0,1,-1.2051132934870794,0,-0.2130986259402292,0.6509764859563888,3,-0.05542658339608624,0.8106642156825693,0.6757737149030568
1,1,0.891804291753694,High Risk,0,-0.43991649313097614,0,0,-1.1960038562387048,1,2,1,0,0,0,0,0,0,0,0.8297975015331794,2,0.356897745116751,-0.9100296737696877,0,-0.09871956909104516,-1.2335563611353098,0.6757737149030568
1,1,0.5876591213754919,Medium Risk,0,2.273158691738958,1,0,0.7178532386027215,1,0,1,0,0,0,0,0,0,0,0.8297975015331794,2,0.2089978121019659,0.513411397117596,3,0.10444357012383583,-1.2335563611353098,0.6757737149030568
0,0,0.4245869092350121,Medium Risk,1,-0.43991649313097614,1,0,-0.5851984004382496,1,2,0,0,2,0,0,0,0,0,-1.2051132934870794,1,-0.26461433294537917,-0.5329838967389721,1,-0.0756020197912815,0.8106642156825693,0.6757737149030568
1,0,0.4874168491806719,Medium Risk,0,-0.43991649313097614,1,1,-0.7888002190384014,1,0,0,0,0,0,0,0,2,0,-1.2051132934870794,2,-0.2928648819482031,-0.6832194542866011,1,-0.1429121656668857,-1.2335563611353098,0.6757737149030568
0,0,0.025318786385516965,Low Risk,1,-0.43991649313097614,1,1,1.4915401492832983,1,0,0,2,2,0,2,2,2,2,-1.2051132934870794,0,0.5280628361338618,1.4395034602021135,3,0.2951037796262666,0.8106642156825693,0.6757737149030568
0,1,0.9281061702806505,High Risk,0,-0.43991649313097614,0,0,-1.2774445836787656,1,2,1,0,2,0,0,0,0,0,0.8297975015331794,3,0.47820892612887816,-0.972476983834666,0,-0.35398303090195987,0.8106642156825693,0.6757737149030568
0,1,0.7987948256433395,High Risk,1,-0.43991649313097614,0,0,-1.1552834925186746,1,2,1,2,0,0,0,2,0,0,-1.2051132934870794,2,0.8604222361670865,-0.8449776332035898,0,0.2034992582472065,0.8106642156825693,0.6757737149030568
1,1,0.8384631624747582,High Risk,1,-0.43991649313097614,0,0,-1.2774445836787656,1,0,0,0,0,0,0,2,0,0,0.8297975015331794,3,-0.3742929349563432,-0.9838009393183471,0,-0.5641758975295671,-1.2335563611353098,0.6757737149030568
0,0,0.14643379357155914,Low Risk,1,-0.43991649313097614,1,1,-0.30015585439803716,1,0,0,0,2,2,0,0,0,1,-1.2051132934870794,3,-0.3693075439558449,-0.4090163840755157,2,-0.1481711521977651,0.8106642156825693,0.6757737149030568
0,0,0.44351677894016966,Medium Risk,0,-0.43991649313097614,1,1,-0.5851984004382496,1,0,0,0,0,0,0,2,0,0,-1.2051132934870794,3,-0.2928648819482031,-0.5293858368094594,1,-0.06857186953780883,-1.2335563611353098,0.6757737149030568
0,0,0.02802033657370558,Low Risk,1,-0.43991649313097614,1,1,0.6364125111626608,1,2,2,1,1,1,1,1,1,2,-1.2051132934870794,3,-1.3697093380558512,-0.48940984581346236,2,-0.6101328532118414,-1.2335563611353098,-1.4797852860309242
0,0,0.10966311478041295,Low Risk,1,-0.43991649313097614,0,0,-0.2594354906780068,1,0,2,1,1,1,1,1,1,1,0.8297975015331794,1,-1.4660935640654862,-0.7445189170121029,2,-0.6411145903172335,-1.2335563611353098,-1.4797852860309242
1,1,0.9096873900444736,High Risk,1,-0.43991649313097614,0,0,-1.2774445836787656,1,0,1,0,0,0,0,0,0,0,0.8297975015331794,2,0.14418772909548702,-0.9769138552814884,0,-0.43633930028236745,-1.2335563611353098,0.6757737149030568
0,1,0.7495492872739309,High Risk,0,-0.43991649313097614,0,1,-1.1552834925186746,0,1,0,2,2,2,0,2,2,0,0.8297975015331794,3,-0.25131995694405,-0.9086390125699374,0,-0.2691683654206447,0.8106642156825693,-1.4797852860309242
0,0,0.4292940514535034,Medium Risk,1,-0.43991649313097614,0,0,-1.2774445836787656,1,0,2,1,1,1,1,1,1,0,-1.2051132934870794,3,-1.477726143066649,-0.9984580668839693,0,-0.8362383993633511,-1.2335563611353098,-1.4797852860309242
1,1,0.7856371204198033,High Risk,1,-0.43991649313097614,1,1,-0.8702409464784621,1,2,1,0,0,0,0,0,0,0,0.8297975015331794,2,0.31867641411292996,-0.6391377016532459,0,0.13674014635144657,-1.2335563611353098,0.6757737149030568
1,1,0.5224093819327994,Medium Risk,1,-0.43991649313097614,1,1,-1.1552834925186746,1,0,0,0,0,0,2,0,2,0,-1.2051132934870794,1,-0.11006721192992953,-0.9060784300434129,0,-0.25015676890695854,0.8106642156825693,0.6757737149030568
1,0,0.33211996459317467,Medium Risk,0,2.273158691738958,0,0,-0.9924020376385531,1,0,2,1,1,1,1,1,1,0,-1.2051132934870794,2,-1.4993295040688086,-0.9348849834668123,0,-0.703393958206895,-1.2335563611353098,-1.4797852860309242
0,1,0.8834011990844336,High Risk,0,-0.43991649313097614,1,0,-1.0738427650786138,1,2,1,0,2,0,0,0,2,0,0.8297975015331794,2,0.8637458301674186,-0.7812721058626468,0,0.19675622894185968,0.8106642156825693,0.6757737149030568
0,0,0.04549234463640683,Low Risk,1,-0.43991649313097614,0,0,1.6137012404433893,1,2,0,2,2,2,2,2,2,2,-1.2051132934870794,0,0.9052907551715716,1.9208046792395073,3,0.4865358606665947,0.8106642156825693,0.6757737149030568
0,0,0.039206057814020236,Low Risk,0,-0.43991649313097614,0,0,-0.21871512695797646,1,0,0,2,2,0,0,0,0,2,-1.2051132934870794,0,-0.3958962959585028,-0.34579648445512057,2,-0.12538146013779392,0.8106642156825693,0.6757737149030568
1,1,0.9075689244584653,High Risk,0,2.273158691738958,0,1,-1.2774445836787656,1,0,1,0,0,0,0,0,0,0,0.8297975015331794,2,0.2073360151017999,-0.9760750437641786,0,-0.42076945830995205,-1.2335563611353098,0.6757737149030568
0,0,0.1214010431811709,Low Risk,0,-0.43991649313097614,0,0,-0.62591876415828,1,0,2,1,1,1,1,1,1,1,-1.2051132934870794,3,-1.4827115340671475,-0.8512907935707101,1,-0.6805855054929182,-1.2335563611353098,-1.4797852860309242
0,0,0.022633552139496447,Low Risk,1,-0.43991649313097614,0,0,1.369379058123207,1,2,0,2,2,2,2,0,0,2,-1.2051132934870794,0,0.13255515009432434,0.9560831383841478,3,0.08535436781771459,0.8106642156825693,0.6757737149030568
0,0,0.016860740843945187,Low Risk,1,-0.43991649313097614,0,0,0.8400143297628127,1,0,2,1,1,1,1,1,1,2,-1.2051132934870794,1,-1.504314895069307,-0.5436456326037246,3,-0.6837571399687805,-1.2335563611353098,-1.4797852860309242
0,1,0.5585640654793959,Medium Risk,1,-0.43991649313097614,1,0,0.47353105628253944,1,2,1,2,0,2,0,0,0,0,0.8297975015331794,1,0.6659919871476498,0.5935399710079712,2,0.3181515682569457,0.8106642156825693,0.6757737149030568
0,0,0.04968787898815005,Low Risk,1,-0.43991649313097614,1,1,0.7992939660427822,1,0,2,1,1,1,1,1,1,1,0.8297975015331794,1,-1.4594463760648215,-0.5343304099641272,3,-0.6712166283885854,-1.2335563611353098,-1.4797852860309242
0,0,0.05903239955394697,Low Risk,1,2.273158691738958,1,0,1.5322605130033284,1,2,0,2,2,2,2,2,2,2,-1.2051132934870794,1,0.8404806721650927,1.7886477172886321,3,0.4593825128779273,0.8106642156825693,0.6757737149030568
0,1,0.6158877725345603,Medium Risk,0,-0.43991649313097614,0,0,-1.2774445836787656,1,2,2,1,1,1,1,1,1,0,0.8297975015331794,3,-1.2965902700485417,-0.9960520022685284,0,-0.791577536863528,-1.2335563611353098,-1.4797852860309242
1,0,0.18379685253368508,Low Risk,1,-0.43991649313097614,1,0,1.1657772395230555,1,2,1,0,2,0,2,2,0,2,0.8297975015331794,2,0.9750862291785486,1.4817751458770634,3,0.48785902745886406,0.8106642156825693,0.6757737149030568
1,1,0.6126993561706744,Medium Risk,1,-0.43991649313097614,1,1,-0.5444780367182193,1,2,1,0,0,0,2,2,2,1,0.8297975015331794,2,1.2027524182013078,-0.17940276820563086,1,0.5343584001610326,0.8106642156825693,0.6757737149030568
0,0,0.1324893391554571,Low Risk,0,-0.43991649313097614,1,1,-0.8702409464784621,1,0,2,1,1,1,1,1,1,1,-1.2051132934870794,3,-1.4677553610656522,-0.9041579931485196,0,-0.6831349533012668,-1.2335563611353098,-1.4797852860309242
0,1,0.6895592200531538,Medium Risk,1,-0.43991649313097614,0,0,-0.2594354906780068,1,0,1,0,2,0,0,2,0,0,0.8297975015331794,2,0.6975661301508063,-0.0597838310398064,2,0.30036006462296927,0.8106642156825693,0.6757737149030568
0,0,0.013301276894363485,Low Risk,0,-0.43991649313097614,0,0,1.125056875803025,1,0,2,1,1,1,1,1,1,2,-1.2051132934870794,0,-1.4926823160681442,-0.5093868043178121,3,-0.6994951539472891,-1.2335563611353098,-1.4797852860309242
1,1,0.9372886672586234,High Risk,1,-0.43991649313097614,0,0,-1.2774445836787656,1,0,1,0,0,2,0,2,0,0,0.8297975015331794,2,0.6676537841478158,-0.9699605492827369,0,-0.3072735049847139,0.8106642156825693,0.6757737149030568
0,1,0.6548463619727204,Medium Risk,1,-0.43991649313097614,0,0,-0.2594354906780068,1,2,1,2,2,0,0,2,0,0,0.8297975015331794,1,0.9185851311729007,0.029969001312332877,2,0.4237654787747059,0.8106642156825693,0.6757737149030568
0,1,0.6966947883303993,Medium Risk,1,2.273158691738958,0,0,-0.3408762181180675,1,2,1,0,2,0,0,0,0,0,0.8297975015331794,2,0.5230774451333633,-0.08541173029234794,1,0.36654008765940416,0.8106642156825693,0.6757737149030568
0,1,0.6090868023321023,Medium Risk,1,-0.43991649313097614,1,1,-0.4223169455581282,1,0,1,0,2,2,0,2,2,1,0.8297975015331794,3,1.1728400721983174,-0.0846170667496334,1,0.4868775079309656,0.8106642156825693,0.6757737149030568
0,1,0.5605443177144191,Medium Risk,0,-0.43991649313097614,1,0,0.758573602322752,1,2,1,0,0,2,0,2,2,1,0.8297975015331794,2,1.1329569441943304,1.176823011360388,3,0.556773929737514,0.8106642156825693,0.6757737149030568
0,0,0.2667148582487888,Low Risk,1,2.273158691738958,1,0,1.1657772395230555,1,2,1,0,2,0,2,0,0,1,0.8297975015331794,0,0.6909189421501416,1.3111211500791322,3,0.3856769830711365,0.8106642156825693,0.6757737149030568
0,0,0.13819084802696216,Low Risk,1,-0.43991649313097614,1,0,0.47353105628253944,0,1,0,0,2,2,0,2,2,2,-1.2051132934870794,0,-0.3477041829536853,0.04791515298530103,2,-0.13197165264850771,0.8106642156825693,-1.4797852860309242
0,0,7.84266938590851e-21,Low Risk,0,-0.43991649313097614,1,1,-1.318164947398796,1,0,0,2,2,2,0,2,2,2,-1.2051132934870794,3,0.534710024134526,-0.3904631977518628,4,21.901057405248352,0.8106642156825693,0.6757737149030568
0,1,0.7229591874476735,High Risk,0,-0.43991649313097614,0,0,-1.1145631287986442,1,0,1,0,0,0,2,0,0,0,0.8297975015331794,3,0.36188313611724954,-0.8310710212060866,0,0.08852826726142368,0.8106642156825693,0.6757737149030568
1,1,0.9176597664056072,High Risk,0,-0.43991649313097614,1,0,-1.2774445836787656,1,0,1,0,0,0,0,2,0,0,-1.2051132934870794,2,0.466576347127715,-0.9726315017457493,0,-0.3568511596863522,-1.2335563611353098,0.6757737149030568
0,0,0.16097918977715042,Low Risk,1,-0.43991649313097614,0,0,-0.2594354906780068,1,2,0,2,2,0,0,0,0,1,-1.2051132934870794,2,-0.10674361792959748,-0.30902122161727896,2,-0.042328211615903374,0.8106642156825693,0.6757737149030568
0,1,0.6583105567223668,Medium Risk,0,-0.43991649313097614,0,0,-0.7073594915983407,1,2,1,2,0,2,0,0,0,0,0.8297975015331794,1,0.6510358141461546,-0.4323265146618066,1,0.33175583149497795,0.8106642156825693,0.6757737149030568
1,1,0.8888535214699129,High Risk,1,-0.43991649313097614,1,0,-1.1552834925186746,1,0,1,0,0,0,0,2,0,0,0.8297975015331794,2,0.5180920541328647,-0.8717092318210123,0,0.0050247463672591745,-1.2335563611353098,0.6757737149030568
0,1,0.683292929163566,Medium Risk,1,-0.43991649313097614,1,0,-0.8295205827584317,1,0,1,2,2,2,0,0,0,0,0.8297975015331794,2,0.6593447991469852,-0.5836436975870192,0,0.20757137076306878,0.8106642156825693,0.6757737149030568
1,1,0.6493382330485575,Medium Risk,1,-0.43991649313097614,0,1,-1.2774445836787656,1,0,0,0,0,0,2,0,0,0,0.8297975015331794,3,-0.49394231896830415,-0.985390266403776,0,-0.5936766507404594,0.8106642156825693,0.6757737149030568
0,0,0.2548587811473598,Low Risk,1,-0.43991649313097614,1,1,-0.4223169455581282,1,0,0,2,2,0,2,0,0,0,0.8297975015331794,3,-0.22639300194155818,-0.4459461648244407,1,-0.09633243084813482,0.8106642156825693,0.6757737149030568
0,0,0.11928724092078356,Low Risk,1,-0.43991649313097614,1,0,0.6771328748826912,0,1,0,0,2,0,0,2,2,2,-1.2051132934870794,1,-0.5022513039691348,0.056501934044076885,3,-0.2126580337144467,0.8106642156825693,-1.4797852860309242
0,0,0.06349189365584763,Low Risk,1,-0.43991649313097614,0,0,-0.7888002190384014,1,0,2,1,1,1,1,1,1,2,-1.2051132934870794,3,-1.4960059100684764,-0.8900968632399332,1,-0.6914856956122866,-1.2335563611353098,-1.4797852860309242
0,0,0.2237079516053445,Low Risk,0,-0.43991649313097614,1,0,1.369379058123207,1,2,1,0,2,2,2,0,0,1,0.8297975015331794,0,0.8570986421667539,1.6992701427205525,3,0.4971418301329381,0.8106642156825693,0.6757737149030568
0,0,0.07115051710347844,Low Risk,1,-0.43991649313097614,1,0,1.2064976032430856,0,1,0,0,0,0,2,2,0,2,0.8297975015331794,0,-0.8562140650045189,0.024516726449819587,3,-0.39450754440660496,0.8106642156825693,-1.4797852860309242
0,0,0.06830441204615371,Low Risk,1,-0.43991649313097614,1,1,1.369379058123207,1,2,0,0,0,2,0,2,0,2,0.8297975015331794,0,-0.04858072292378317,0.8422475858903007,3,0.02227999621382917,0.8106642156825693,0.6757737149030568
1,1,0.7434136245647517,High Risk,0,-0.43991649313097614,0,0,-1.1960038562387048,0,1,0,0,0,0,0,2,0,0,-1.2051132934870794,1,-0.9825106370171443,-0.9593208874052822,0,-0.556186110201617,-1.2335563611353098,-1.4797852860309242
0,0,0.05667560057935947,Low Risk,1,-0.43991649313097614,0,0,1.247217966963116,1,2,0,2,2,2,2,0,0,1,-1.2051132934870794,0,0.1342169470944904,0.8076576477949241,3,0.05025667379468897,0.8106642156825693,0.6757737149030568
0,0,0.053253604518744585,Low Risk,1,-0.43991649313097614,1,1,-0.7073594915983407,1,0,2,1,1,1,1,1,1,2,-1.2051132934870794,3,-1.5093002860698053,-0.8843134785679557,1,-0.7169549718838927,-1.2335563611353098,-1.4797852860309242
0,1,0.5989175753842948,Medium Risk,0,-0.43991649313097614,1,0,0.43281069256250915,1,2,1,2,2,0,0,0,2,0,0.8297975015331794,2,0.9750862291785486,0.8058696548238166,2,0.5273147228476746,0.8106642156825693,0.6757737149030568
0,0,0.21715880908819682,Low Risk,1,2.273158691738958,0,0,1.3286586944031769,1,2,1,2,0,2,2,2,2,2,0.8297975015331794,2,1.4719635322282196,2.1307062244526134,3,0.7625385315936144,0.8106642156825693,0.6757737149030568
1,1,0.9372449204740669,High Risk,0,-0.43991649313097614,0,0,-1.2367242199587352,1,2,1,0,0,0,0,0,2,0,0.8297975015331794,2,0.6959043331506402,-0.9324568448640735,0,-0.07495507344893748,-1.2335563611353098,0.6757737149030568
0,0,0.2846808367882696,Low Risk,0,-0.43991649313097614,0,0,-0.748079855318371,1,0,0,2,0,0,0,0,0,0,-1.2051132934870794,0,-0.48729513096763954,-0.6941902259735202,1,-0.2273756317052141,0.8106642156825693,0.6757737149030568
0,0,0.13642069318433522,Low Risk,0,-0.43991649313097614,1,1,1.4508197855632678,1,2,1,2,0,2,2,2,2,2,0.8297975015331794,0,1.4719635322282196,2.307452640744689,3,0.7808874300279253,0.8106642156825693,0.6757737149030568
0,0,0.28756521382712746,Low Risk,1,-0.43991649313097614,0,0,-0.5037576729981889,1,0,2,1,1,1,1,1,1,0,0.8297975015331794,1,-1.5009913010689746,-0.8501870942058289,1,-0.7246350208142085,-1.2335563611353098,-1.4797852860309242
0,0,0.10334344009988046,Low Risk,0,-0.43991649313097614,1,1,1.002895784642934,1,2,0,2,2,0,2,0,0,0,-1.2051132934870794,0,0.014567563082529699,0.6206909753840486,3,0.03950163237550595,0.8106642156825693,0.6757737149030568
0,0,0.014821600892563649,Low Risk,1,-0.43991649313097614,0,0,1.6137012404433893,1,0,2,1,1,1,1,1,1,2,0.8297975015331794,1,-1.4943441130683104,-0.3589967288590997,3,-0.6728392503002814,-1.2335563611353098,-1.4797852860309242
1,1,0.7745333941139547,High Risk,1,-0.43991649313097614,0,0,-1.0738427650786138,1,0,1,0,2,0,0,0,2,0,0.8297975015331794,2,0.6526976111463211,-0.7618028490661426,0,0.30000886517998243,0.8106642156825693,0.6757737149030568
0,0,0.07476864928912387,Low Risk,1,-0.43991649313097614,0,0,0.8400143297628127,1,2,0,0,2,2,2,0,2,2,0.8297975015331794,0,0.30372024111143525,0.7400670986895993,3,0.1987615344033584,0.8106642156825693,0.6757737149030568
1,0,0.1265969028636115,Low Risk,0,-0.43991649313097614,1,1,1.002895784642934,1,0,0,2,0,0,0,2,2,1,0.8297975015331794,0,0.1774236690988095,0.7202225841090354,3,0.10320800030075185,0.8106642156825693,0.6757737149030568
1,1,0.5183512665727231,Medium Risk,1,-0.43991649313097614,0,0,-1.2774445836787656,1,0,2,1,1,1,1,1,1,0,0.8297975015331794,3,-1.4843733310673135,-0.99854636283316,0,-0.8378773300972895,-1.2335563611353098,-1.4797852860309242
0,1,0.6045239460174304,Medium Risk,1,-0.43991649313097614,0,0,-0.7073594915983407,1,2,0,0,0,0,0,0,0,0,0.8297975015331794,2,-0.5238546649712943,-0.6766414060719091,1,-0.23510933610598617,-1.2335563611353098,0.6757737149030568
1,0,0.4443807584273393,Medium Risk,0,2.273158691738958,0,0,0.3106496014024181,1,0,1,2,2,0,0,0,0,0,0.8297975015331794,1,0.47987072312904416,0.4202591707216227,2,0.29010675405576897,0.8106642156825693,0.6757737149030568
0,0,0.028787644472083804,Low Risk,1,-0.43991649313097614,0,0,1.5729808767233588,0,1,0,2,2,2,2,2,0,2,-1.2051132934870794,0,-0.35933676195484804,0.7093401083713067,3,-0.11741931350674567,0.8106642156825693,-1.4797852860309242
0,1,0.7891559078517222,High Risk,0,2.273158691738958,1,0,-0.7888002190384014,0,1,0,0,0,0,0,2,2,0,-1.2051132934870794,2,-0.6468276429835875,-0.7741201339782167,1,-0.3839520500368345,-1.2335563611353098,-1.4797852860309242
0,0,0.0637038450125059,Low Risk,0,-0.43991649313097614,1,0,1.6137012404433893,1,2,0,2,2,2,2,2,2,2,0.8297975015331794,0,0.8770402061687477,1.9230782999311624,3,0.48769209262272933,0.8106642156825693,0.6757737149030568
0,0,0.3780050530721289,Medium Risk,0,-0.43991649313097614,1,1,0.7992939660427822,1,2,1,0,2,2,0,2,0,1,0.8297975015331794,1,1.0282637331838649,1.1894493320946287,3,0.5361960125924343,0.8106642156825693,0.6757737149030568
0,0,0.1855377177084743,Low Risk,0,-0.43991649313097614,1,0,1.247217966963116,1,0,1,2,0,2,0,0,0,1,0.8297975015331794,1,0.544680806135523,1.2990908270019272,3,0.3353153841827504,0.8106642156825693,0.6757737149030568
0,0,0.08802570958526298,Low Risk,1,-0.43991649313097614,0,0,-0.13727439951791576,1,0,2,1,1,1,1,1,1,1,-1.2051132934870794,3,-1.517609271070636,-0.7736565802449666,2,-0.7133185943179667,-1.2335563611353098,-1.4797852860309242
0,1,0.7245679368114619,High Risk,0,-0.43991649313097614,0,0,-0.13727439951791576,1,2,1,0,0,2,0,2,2,0,-1.2051132934870794,0,1.1894580421999785,0.2634897129338971,2,0.570100747917007,0.8106642156825693,0.6757737149030568
0,0,0.42169530536203825,Medium Risk,1,-0.43991649313097614,0,0,-1.1960038562387048,1,0,2,1,1,1,1,1,1,0,0.8297975015331794,1,-1.462769970065154,-0.9777968147733934,0,-0.7276592382399283,-1.2335563611353098,-1.4797852860309242
0,0,0.20815787377694184,Low Risk,1,-0.43991649313097614,1,1,-0.5444780367182193,1,0,2,1,1,1,1,1,1,0,-1.2051132934870794,3,-1.4677553610656522,-0.8242280851438232,1,-0.6625527148342231,-1.2335563611353098,-1.4797852860309242
0,0,0.456166384445129,Medium Risk,1,-0.43991649313097614,1,1,1.1657772395230555,1,2,1,0,0,2,0,2,2,1,0.8297975015331794,2,1.1678546811978192,1.7480095066737067,3,0.6472714757010556,0.8106642156825693,0.6757737149030568
0,0,0.35946899979116304,Medium Risk,0,-0.43991649313097614,0,0,-0.9109613101984924,1,0,0,0,0,2,2,0,0,0,-1.2051132934870794,2,-0.3493659799538514,-0.7500374138365089,0,-0.133956579870722,0.8106642156825693,0.6757737149030568
0,0,0.4053426236307685,Medium Risk,0,-0.43991649313097614,1,0,1.4100994218432374,1,2,1,0,2,2,2,2,2,1,0.8297975015331794,1,1.4935668932303794,2.2350058144338867,3,0.7675637824469402,0.8106642156825693,0.6757737149030568
0,0,0.08745656954520678,Low Risk,1,-0.43991649313097614,0,0,0.3920903288424788,1,0,2,1,1,1,1,1,1,1,0.8297975015331794,3,-1.502653098069141,-0.636842006974293,2,-0.6826553437260252,-1.2335563611353098,-1.4797852860309242
1,1,0.8935268647583045,High Risk,0,-0.43991649313097614,0,0,-1.2774445836787656,1,0,1,0,2,0,0,0,0,0,0.8297975015331794,2,0.36354493311741554,-0.9740000889582021,0,-0.38225458606239826,0.8106642156825693,0.6757737149030568
0,1,0.8903719066168394,High Risk,0,-0.43991649313097614,0,0,-1.1145631287986442,1,2,1,0,0,0,0,2,0,0,0.8297975015331794,2,0.6394032351449919,-0.8199015836334889,0,0.157636513209162,-1.2335563611353098,0.6757737149030568
0,0,0.11165996294538579,Low Risk,0,-0.43991649313097614,0,0,-0.5037576729981889,1,0,2,1,1,1,1,1,1,1,-1.2051132934870794,3,-1.504314895069307,-0.8294375461460625,1,-0.6879541901022524,-1.2335563611353098,-1.4797852860309242
1,1,0.9127960943886135,High Risk,1,2.273158691738958,0,0,-1.2774445836787656,1,0,1,0,0,0,0,0,0,0,0.8297975015331794,0,0.1574821050968162,-0.9767372633831074,0,-0.4330614388144905,-1.2335563611353098,0.6757737149030568
0,1,0.6654452113038352,Medium Risk,1,-0.43991649313097614,0,0,-1.0738427650786138,1,0,1,2,2,0,0,0,0,0,0.8297975015331794,2,0.47156173812821356,-0.7889097054676247,0,0.1562512265173806,0.8106642156825693,0.6757737149030568
1,1,0.7986863826464056,High Risk,1,-0.43991649313097614,0,0,0.06632741908223598,1,2,1,0,2,2,0,2,2,0,0.8297975015331794,2,1.3822264942192488,0.559501882595035,2,0.6594029618364872,0.8106642156825693,0.6757737149030568
0,0,0.053672355272977104,Low Risk,1,-0.43991649313097614,0,0,-0.46303730927815856,1,0,2,1,1,1,1,1,1,2,-1.2051132934870794,3,-1.5009913010689746,-0.8350664129069565,1,-0.7117541604355709,-1.2335563611353098,-1.4797852860309242
0,0,0.23595977067182336,Low Risk,1,-0.43991649313097614,0,0,0.5549717837226001,1,2,1,0,2,2,2,2,2,2,-1.2051132934870794,2,1.4586691562268908,1.1572433846273953,2,0.7071984661731817,0.8106642156825693,0.6757737149030568
0,1,0.6934049862275672,Medium Risk,1,-0.43991649313097614,1,1,0.06632741908223598,1,2,1,0,2,0,0,2,2,0,0.8297975015331794,0,1.0947356131905097,0.49802582797115214,2,0.5941969319219357,0.8106642156825693,0.6757737149030568
0,0,0.3259779097071228,Medium Risk,1,-0.43991649313097614,0,1,-0.13727439951791576,0,1,0,2,2,2,2,0,0,0,0.8297975015331794,3,-0.6567984249845842,-0.45890359536814596,2,-0.3238267053974923,0.8106642156825693,-1.4797852860309242
0,0,0.25102067807866674,Low Risk,1,-0.43991649313097614,1,1,-0.21871512695797646,1,0,1,2,2,0,0,0,0,1,0.8297975015331794,1,0.5280628361338618,-0.03186023710831203,2,0.29084841304207654,0.8106642156825693,0.6757737149030568
0,0,0.03807170062049265,Low Risk,0,-0.43991649313097614,1,1,1.6137012404433893,1,2,0,2,2,2,2,2,2,2,-1.2051132934870794,1,0.8321716871642622,1.8668117063095186,3,0.4590781580966393,0.8106642156825693,0.6757737149030568
0,0,0.16405076188391599,Low Risk,0,-0.43991649313097614,0,0,0.3920903288424788,1,0,0,2,0,2,0,0,0,0,-1.2051132934870794,1,-0.3393951979528547,0.0764347445738314,2,-0.06685570644982299,0.8106642156825693,0.6757737149030568
1,1,0.7125157933689621,High Risk,0,2.273158691738958,0,0,-0.21871512695797646,1,2,1,0,0,2,0,0,0,0,0.8297975015331794,2,0.44164939212522314,-0.06464010824528367,2,0.24738748197245836,0.8106642156825693,0.6757737149030568
0,0,0.046837065628417086,Low Risk,1,-0.43991649313097614,1,0,1.369379058123207,1,2,0,2,2,2,0,0,0,2,0.8297975015331794,1,0.04447990908551963,0.9476508752364553,3,0.0806821921433526,0.8106642156825693,0.6757737149030568
1,1,0.893075328067589,High Risk,0,-0.43991649313097614,0,0,-1.2367242199587352,1,2,1,0,0,0,0,0,0,0,0.8297975015331794,2,0.358559542116917,-0.9340020239749073,0,-0.09407593201155277,-1.2335563611353098,0.6757737149030568
1,1,0.6563771260652578,Medium Risk,1,-0.43991649313097614,0,0,-0.015113308357824713,1,0,1,0,0,0,2,2,2,0,0.8297975015331794,2,1.044881703185526,0.3979865175383202,2,0.5784319791478609,0.8106642156825693,0.6757737149030568
1,1,0.8228299119950345,High Risk,1,2.273158691738958,0,0,-0.748079855318371,1,2,1,0,0,0,0,0,0,0,0.8297975015331794,2,0.3386179781149237,-0.5497159791105711,1,0.13018442341569267,-1.2335563611353098,0.6757737149030568
0,1,0.626608123197151,Medium Risk,1,-0.43991649313097614,0,0,-0.5444780367182193,1,0,1,0,0,2,2,2,0,0,-1.2051132934870794,3,0.8371570781647607,-0.26467458113635234,1,0.3760786645309261,0.8106642156825693,0.6757737149030568
0,0,0.11123533858550876,Low Risk,1,-0.43991649313097614,0,1,0.6364125111626608,1,2,0,2,2,2,0,0,0,1,0.8297975015331794,0,-0.012021188920128179,0.33262544115005543,2,0.012660825684772411,0.8106642156825693,0.6757737149030568
1,1,0.8223557700864642,High Risk,1,-0.43991649313097614,0,0,-1.1552834925186746,1,0,1,0,0,2,0,0,0,0,0.8297975015331794,2,0.30372024111143525,-0.8834305190760507,0,-0.08200247560487284,0.8106642156825693,0.6757737149030568
0,1,0.6801088976370726,Medium Risk,1,2.273158691738958,1,0,1.002895784642934,1,2,1,0,2,0,0,0,2,0,0.8297975015331794,2,0.8338334841644282,1.167022161000243,3,0.38918728465978913,0.8106642156825693,0.6757737149030568
0,0,0.13484354125194806,Low Risk,1,-0.43991649313097614,1,1,1.0436161483629645,1,0,0,0,2,0,2,2,2,1,0.8297975015331794,1,0.3469269631157543,0.8912959856656214,3,0.1921073007219834,0.8106642156825693,0.6757737149030568
0,0,0.09871362534262942,Low Risk,0,2.273158691738958,1,0,0.9621754209229036,1,2,0,2,2,2,2,0,0,1,0.8297975015331794,1,0.1225843680933277,0.7646795945264501,3,0.1515624058838198,0.8106642156825693,0.6757737149030568
0,0,0.008688154865807296,Low Risk,0,-0.43991649313097614,1,1,1.4915401492832983,1,0,2,1,1,1,1,1,1,2,-1.2051132934870794,0,-1.4960059100684764,-0.4002088631437637,3,-0.6805633929353967,-1.2335563611353098,-1.4797852860309242
0,0,0.12918852849727389,Low Risk,1,-0.43991649313097614,1,1,-0.9109613101984924,0,1,0,2,2,2,2,0,2,2,-1.2051132934870794,1,-0.36764574695567864,-0.7774091580855627,0,-0.2263326757836168,0.8106642156825693,-1.4797852860309242
0,1,0.7310354836896447,High Risk,0,-0.43991649313097614,1,1,-1.1960038562387048,1,0,1,0,2,0,2,0,0,0,0.8297975015331794,2,0.5064594751317021,-0.9008910430284713,0,-0.013904903609729912,0.8106642156825693,0.6757737149030568
0,0,0.08551733985985568,Low Risk,1,-0.43991649313097614,0,0,0.10704778280226633,1,2,2,1,1,1,1,1,1,1,-1.2051132934870794,0,-1.2816340970470463,-0.5858510963167816,2,-0.5678634916809286,-1.2335563611353098,-1.4797852860309242
1,0,0.35644652788056425,Medium Risk,0,-0.43991649313097614,1,1,-0.8702409464784621,1,0,2,1,1,1,1,1,1,0,0.8297975015331794,3,-1.5126238800701375,-0.9278213075315725,0,-0.7563405260838513,-1.2335563611353098,-1.4797852860309242
0,0,0.46126800719620453,Medium Risk,1,-0.43991649313097614,1,0,0.9621754209229036,1,2,1,2,0,0,0,2,2,1,0.8297975015331794,2,1.1894580421999785,1.427318619213825,3,0.5831331225688948,0.8106642156825693,0.6757737149030568
0,0,0.03682447780666814,Low Risk,1,-0.43991649313097614,1,1,0.758573602322752,1,2,2,1,1,1,1,1,1,2,0.8297975015331794,3,-1.3231790220511994,-0.4678214862363861,3,-0.6173623516357429,-1.2335563611353098,-1.4797852860309242
1,1,0.7008143188283361,High Risk,1,2.273158691738958,0,0,0.14776814652229667,1,2,1,2,0,0,0,2,0,0,0.8297975015331794,2,0.8670694241677506,0.39944340069996326,2,0.4089724473153233,0.8106642156825693,0.6757737149030568
0,0,0.07220436206928976,Low Risk,1,-0.43991649313097614,0,1,-1.1145631287986442,1,0,2,1,1,1,1,1,1,2,-1.2051132934870794,3,-1.4727407520661506,-0.9602259208844847,0,-0.7105870430947359,-1.2335563611353098,-1.4797852860309242
0,0,0.21566140649320195,Low Risk,1,-0.43991649313097614,1,1,-1.2774445836787656,1,0,2,1,1,1,1,1,1,1,-1.2051132934870794,3,-1.4744025490663168,-0.9984139189093741,0,-0.8354189339963819,-1.2335563611353098,-1.4797852860309242
1,1,0.8756155936783134,High Risk,1,2.273158691738958,1,0,-1.0331224013585834,1,2,1,0,0,0,0,0,0,0,0.8297975015331794,3,0.32033821111309646,-0.7743629478384906,0,0.07889954919953515,-1.2335563611353098,0.6757737149030568
0,0,0.05952191924765902,Low Risk,1,-0.43991649313097614,1,0,1.4915401492832983,1,0,0,2,2,0,0,0,0,1,0.8297975015331794,1,-0.3693075439558449,0.6721454397748103,3,-0.11185442825875186,0.8106642156825693,0.6757737149030568
1,0,0.146163014056729,Low Risk,1,-0.43991649313097614,1,1,-0.4223169455581282,1,0,0,2,0,2,2,2,0,1,0.8297975015331794,0,0.09101022509017127,-0.32575330398887803,1,0.09766708754958035,0.8106642156825693,0.6757737149030568
0,0,0.02038869666060275,Low Risk,0,-0.43991649313097614,0,0,1.247217966963116,1,2,2,1,1,1,1,1,1,2,-1.2051132934870794,3,-1.3481059770536914,-0.2930175808265016,3,-0.5881964760988525,-1.2335563611353098,-1.4797852860309242
0,0,0.09311044129693274,Low Risk,0,-0.43991649313097614,1,1,0.9214550572028734,1,2,0,2,2,0,2,0,2,1,0.8297975015331794,0,0.3652067301175816,0.8751599009510582,3,0.24541198510565765,0.8106642156825693,0.6757737149030568
0,1,0.6580936501025118,Medium Risk,0,-0.43991649313097614,0,0,-1.1960038562387048,1,0,0,0,0,2,0,2,0,0,-1.2051132934870794,2,-0.23968737794288733,-0.9361432007427769,0,-0.3410764513721946,0.8106642156825693,0.6757737149030568
0,0,0.03990225129731176,Low Risk,1,-0.43991649313097614,1,1,1.4100994218432374,1,0,0,2,2,2,0,2,2,2,-1.2051132934870794,1,0.5513279941361872,1.375952450772254,3,0.2985765223536833,0.8106642156825693,0.6757737149030568
1,1,0.7196610514882609,High Risk,0,-0.43991649313097614,0,0,-1.1960038562387048,0,1,0,0,0,0,0,0,0,0,-1.2051132934870794,2,-1.3132082400502028,-0.9814169486902037,0,-0.7612573182856666,-1.2335563611353098,-1.4797852860309242
0,0,0.42525924066041404,Medium Risk,1,-0.43991649313097614,0,0,-1.2774445836787656,1,0,2,1,1,1,1,1,1,0,-1.2051132934870794,3,-1.4960059100684764,-0.9987008807442433,0,-0.8407454588816818,-1.2335563611353098,-1.4797852860309242
1,1,0.7326438419277909,High Risk,1,-0.43991649313097614,0,0,-0.6666391278783103,1,2,1,0,0,0,2,0,2,0,0.8297975015331794,1,0.8072447321617703,-0.36789254574004226,1,0.39397193183792456,0.8106642156825693,0.6757737149030568
0,0,0.20297924128787442,Low Risk,1,-0.43991649313097614,0,1,1.2064976032430856,1,2,1,0,0,2,2,2,2,2,0.8297975015331794,2,1.3057838322116073,1.9021521599730151,3,0.7119137822564042,0.8106642156825693,0.6757737149030568
0,0,0.47352320825632127,Medium Risk,0,-0.43991649313097614,0,0,-0.9924020376385531,1,2,0,2,2,2,0,0,0,0,0.8297975015331794,0,0.02453834508352634,-0.7543859893341408,0,0.041135853538369856,0.8106642156825693,0.6757737149030568
0,0,0.1337189185844759,Low Risk,1,-0.43991649313097614,0,1,-0.9516816739185228,1,0,2,1,1,1,1,1,1,1,-1.2051132934870794,3,-1.4843733310673135,-0.9234285840593455,0,-0.690783296726313,-1.2335563611353098,-1.4797852860309242
1,0,0.27087889085467437,Low Risk,0,-0.43991649313097614,1,0,-1.0738427650786138,1,0,2,1,1,1,1,1,1,0,-1.2051132934870794,0,-1.504314895069307,-0.9428316188939568,0,-0.6600533454649669,-1.2335563611353098,-1.4797852860309242
0,0,0.1699427439213738,Low Risk,0,-0.43991649313097614,0,0,-0.1779947632379461,1,2,0,2,0,2,0,0,0,1,-1.2051132934870794,3,-0.19149526493806968,-0.27701394003572416,2,-0.06757988514621438,0.8106642156825693,0.6757737149030568
0,0,0.09125523929066885,Low Risk,1,-0.43991649313097614,0,0,-0.2594354906780068,1,0,2,1,1,1,1,1,1,1,-1.2051132934870794,3,-1.5076384890696393,-0.7754004252414789,2,-0.6835750365538985,-1.2335563611353098,-1.4797852860309242
0,1,0.7345339259349675,High Risk,1,-0.43991649313097614,1,1,0.22920887396235737,1,2,1,0,0,2,0,2,2,0,0.8297975015331794,1,1.2093996062019723,0.7393828050833728,2,0.6601683965199198,0.8106642156825693,0.6757737149030568
0,1,0.587865288861844,Medium Risk,0,-0.43991649313097614,0,0,-0.5851984004382496,1,2,0,0,0,0,0,0,0,0,0.8297975015331794,2,-0.4806479429669752,-0.6042166537484048,1,-0.2147817429075817,-1.2335563611353098,0.6757737149030568
1,1,0.6516019687397071,Medium Risk,0,-0.43991649313097614,1,1,-1.1960038562387048,0,1,0,0,0,0,2,0,0,0,0.8297975015331794,3,-1.1221015850310987,-0.9654574558740214,0,-0.6131389532059786,0.8106642156825693,-1.4797852860309242
0,1,0.716862160669278,High Risk,1,-0.43991649313097614,1,0,-1.1960038562387048,0,1,0,0,0,0,0,0,0,0,-1.2051132934870794,3,-1.3215172250510334,-0.9728743156060232,0,-0.6819740440313937,-1.2335563611353098,-1.4797852860309242
0,0,0.03975480585897937,Low Risk,1,-0.43991649313097614,1,0,1.5322605130033284,1,2,0,0,2,2,2,2,0,2,-1.2051132934870794,0,0.2721460981082788,1.3172135705732766,3,0.2128850221404371,0.8106642156825693,0.6757737149030568
0,0,0.06376274646836266,Low Risk,1,-0.43991649313097614,1,1,1.4100994218432374,1,2,0,2,2,2,2,0,0,1,0.8297975015331794,1,0.15249671409631763,1.046895522126573,3,0.11893284256823793,0.8106642156825693,0.6757737149030568
0,0,0.014599890226229865,Low Risk,1,-0.43991649313097614,0,1,1.5729808767233588,1,2,2,1,1,1,1,1,1,2,-1.2051132934870794,3,-1.343120586053193,-0.27694771807383134,3,-0.6259544810283029,-1.2335563611353098,-1.4797852860309242
0,0,0.48827939726093733,Medium Risk,1,-0.43991649313097614,0,1,-0.6666391278783103,1,2,0,2,2,0,0,0,2,0,0.8297975015331794,2,0.14418772909548702,-0.5289885050381021,1,0.04218027018254642,0.8106642156825693,0.6757737149030568
0,1,0.5151236120654824,Medium Risk,0,-0.43991649313097614,1,1,-0.9109613101984924,1,0,0,0,2,0,2,0,2,0,0.8297975015331794,2,0.02453834508352634,-0.7350712504487198,0,-0.08344771452480047,0.8106642156825693,0.6757737149030568
1,1,0.9497712386792215,High Risk,1,-0.43991649313097614,0,0,-1.2774445836787656,1,2,1,0,2,0,0,0,2,0,0.8297975015331794,1,0.8670694241677506,-0.967311670807022,0,-0.25810558296656017,0.8106642156825693,0.6757737149030568
0,1,0.6584078221008159,Medium Risk,1,-0.43991649313097614,1,1,-0.8295205827584317,1,0,0,0,0,0,0,2,0,0,0.8297975015331794,3,-0.28123230294704044,-0.7298838634337782,0,-0.21004078740394197,-1.2335563611353098,0.6757737149030568
1,0,0.3448166248690011,Medium Risk,0,-0.43991649313097614,0,0,-1.1145631287986442,1,0,0,2,0,0,2,0,0,0,-1.2051132934870794,1,-0.3626603559551803,-0.8927236677283504,0,-0.2929328610627523,0.8106642156825693,0.6757737149030568
1,0,0.43073624929704485,Medium Risk,0,2.273158691738958,1,0,0.3106496014024181,1,0,1,0,2,0,2,2,2,1,0.8297975015331794,1,1.1445895231954935,0.7859589182813596,2,0.6212307231918474,0.8106642156825693,0.6757737149030568
0,0,0.451396255290381,Medium Risk,1,2.273158691738958,1,0,-0.46303730927815856,1,0,0,2,2,0,0,0,2,0,0.8297975015331794,0,0.006258578081699082,-0.41592554209967203,1,-0.004481051889583851,0.8106642156825693,0.6757737149030568
0,0,0.47726070321890585,Medium Risk,1,-0.43991649313097614,0,0,-0.9516816739185228,1,0,0,2,0,2,2,0,2,0,0.8297975015331794,0,0.11593718009266311,-0.7527083662995214,0,-0.05700878191231127,0.8106642156825693,0.6757737149030568
0,0,0.4600901010504252,Medium Risk,0,-0.43991649313097614,1,0,-1.0331224013585834,1,0,0,2,0,0,0,0,0,0,0.8297975015331794,0,-0.4806479429669752,-0.8506506479390792,0,-0.2751094893311716,0.8106642156825693,0.6757737149030568
0,0,0.07241537986302007,Low Risk,0,-0.43991649313097614,0,0,0.22920887396235737,1,0,2,1,1,1,1,1,1,1,-1.2051132934870794,3,-1.4860351280674797,-0.7080085420218328,2,-0.7175840166127039,-1.2335563611353098,-1.4797852860309242
1,1,0.7549758230938981,High Risk,1,-0.43991649313097614,0,0,-1.2774445836787656,1,0,0,0,0,2,0,0,0,0,0.8297975015331794,2,-0.4740007549663106,-0.9851253785562045,0,-0.588759858538644,0.8106642156825693,0.6757737149030568
0,1,0.7943879037302168,High Risk,1,-0.43991649313097614,0,0,-1.0331224013585834,1,0,1,0,0,2,0,0,0,0,0.8297975015331794,2,0.33695618111475767,-0.7908522163498157,0,0.0023819705587834867,0.8106642156825693,0.6757737149030568
1,1,0.8771500244318046,High Risk,0,-0.43991649313097614,0,0,-1.2367242199587352,1,0,1,0,0,0,0,0,0,0,0.8297975015331794,2,0.20567421810163386,-0.9465179747726602,0,-0.2489548863687372,-1.2335563611353098,0.6757737149030568
0,0,0.020571898337038024,Low Risk,0,-0.43991649313097614,0,0,0.9621754209229036,1,0,2,1,1,1,1,1,1,2,0.8297975015331794,0,-1.502653098069141,-0.5303791662378525,3,-0.6918974820936834,-1.2335563611353098,-1.4797852860309242
0,1,0.6213428426238344,Medium Risk,0,-0.43991649313097614,1,0,-1.0738427650786138,1,2,0,0,0,0,0,0,0,0,-1.2051132934870794,2,-0.47898614596680894,-0.8685526516374522,0,-0.26612463691475896,-1.2335563611353098,0.6757737149030568
0,0,0.10373929101383901,Low Risk,0,-0.43991649313097614,0,0,1.247217966963116,1,0,0,0,0,2,0,0,2,1,-1.2051132934870794,1,-0.20645143793956489,0.539304184217709,3,-0.10540333349038791,0.8106642156825693,0.6757737149030568
0,0,0.22568955143641992,Low Risk,0,-0.43991649313097614,0,0,1.2879383306831464,1,2,1,0,2,2,2,2,2,2,0.8297975015331794,1,1.5201556452330371,2.113510588347765,3,0.7798733758948865,0.8106642156825693,0.6757737149030568
0,1,0.7161374480325091,High Risk,1,-0.43991649313097614,1,0,-0.13727439951791576,0,1,0,0,0,0,0,2,2,0,0.8297975015331794,2,-0.626886078981594,-0.4191924922197203,2,-0.27468609889157086,-1.2335563611353098,-1.4797852860309242
0,1,0.756187766330519,High Risk,1,-0.43991649313097614,0,0,-0.015113308357824713,1,2,1,0,0,0,0,0,2,0,0.8297975015331794,0,0.6942425361504742,0.16881438141438784,2,0.32062320824257223,-1.2335563611353098,0.6757737149030568
0,1,0.9318361909963795,High Risk,0,2.273158691738958,0,0,-1.2367242199587352,1,2,1,0,0,0,0,0,2,0,0.8297975015331794,2,0.641065032145158,-0.9252827989923458,0,0.013820341306062382,-1.2335563611353098,0.6757737149030568
1,0,0.4067298987479398,Medium Risk,1,-0.43991649313097614,1,0,1.125056875803025,1,0,1,0,2,0,0,2,2,1,0.8297975015331794,2,0.9850570111795457,1.4693916390030963,3,0.5047562213186547,0.8106642156825693,0.6757737149030568
0,0,0.36574703837575573,Medium Risk,1,-0.43991649313097614,0,0,-0.4223169455581282,1,2,0,2,2,2,0,0,0,0,-1.2051132934870794,3,0.00958217208203114,-0.37718569439234195,1,0.014651682982697669,0.8106642156825693,0.6757737149030568
0,1,0.5545259142721424,Medium Risk,1,-0.43991649313097614,0,0,-0.8702409464784621,0,1,0,0,2,0,2,0,0,0,0.8297975015331794,2,-0.9675544640156493,-0.8197470657224055,0,-0.42199865636040584,0.8106642156825693,-1.4797852860309242
0,0,0.3854895006061069,Medium Risk,1,2.273158691738958,1,0,1.002895784642934,1,0,1,0,2,2,0,2,0,1,0.8297975015331794,2,0.8604222361670865,1.288186277276901,3,0.46673979154417006,0.8106642156825693,0.6757737149030568
1,1,0.772951063863016,High Risk,1,-0.43991649313097614,0,0,-1.2774445836787656,1,0,0,0,0,0,0,0,0,0,0.8297975015331794,3,-0.6850489739874083,-0.9879287749430028,0,-0.64079590934119,-1.2335563611353098,0.6757737149030568
0,0,0.019106899086839907,Low Risk,0,-0.43991649313097614,0,0,1.2064976032430856,1,0,2,1,1,1,1,1,1,2,0.8297975015331794,1,-1.5142856770703037,-0.5113513891873005,3,-0.7102748658120811,-1.2335563611353098,-1.4797852860309242
1,1,0.6204411087530326,Medium Risk,0,-0.43991649313097614,1,0,0.5956921474426305,1,2,1,2,2,2,0,2,0,0,0.8297975015331794,2,1.1296333501939984,0.9941166184979539,2,0.545414353737059,0.8106642156825693,0.6757737149030568
0,0,0.047340762872566236,Low Risk,0,-0.43991649313097614,1,1,1.1657772395230555,1,2,0,2,2,2,2,2,2,2,-1.2051132934870794,3,0.7756705891586139,1.4325280802160643,3,0.45837149143131006,0.8106642156825693,0.6757737149030568
0,1,0.8607695247420565,High Risk,0,-0.43991649313097614,0,0,-1.1960038562387048,1,0,1,0,0,0,0,0,0,0,0.8297975015331794,2,0.179085466098976,-0.9216847390628332,0,-0.2068889975309834,-1.2335563611353098,0.6757737149030568
0,0,0.22819926068562005,Low Risk,1,-0.43991649313097614,1,1,1.2879383306831464,1,0,1,2,2,0,0,0,0,0,-1.2051132934870794,2,0.5413572121351905,1.2597329076502637,3,0.29225366106972006,0.8106642156825693,0.6757737149030568
0,1,0.8759667258905971,High Risk,0,-0.43991649313097614,1,1,-1.0738427650786138,1,2,1,0,2,2,0,2,0,0,0.8297975015331794,3,0.9734244321783826,-0.7784024875139558,0,0.21197487147128824,0.8106642156825693,0.6757737149030568
0,0,0.015381550723128731,Low Risk,0,-0.43991649313097614,1,1,0.9621754209229036,1,0,2,1,1,1,1,1,1,2,-1.2051132934870794,3,-1.4860351280674797,-0.5261630346640064,3,-0.6891515542850672,-1.2335563611353098,-1.4797852860309242
0,0,0.26927447894757395,Low Risk,0,-0.43991649313097614,1,1,-0.21871512695797646,1,0,0,0,2,0,0,0,0,0,-1.2051132934870794,3,-0.49560411596847015,-0.41753694317239853,2,-0.2204979759467223,0.8106642156825693,0.6757737149030568
0,0,0.3156075522002282,Medium Risk,0,-0.43991649313097614,1,0,0.5549717837226001,0,1,0,2,2,0,0,2,0,0,-1.2051132934870794,2,-0.6385186579827569,-0.09702264761089804,2,-0.28350029162593626,0.8106642156825693,-1.4797852860309242
1,1,0.7284697255789487,High Risk,1,2.273158691738958,0,0,-1.2774445836787656,1,0,0,0,0,0,0,0,0,0,-1.2051132934870794,2,-0.6534748309842519,-0.987509369184348,0,-0.6330109883549823,-1.2335563611353098,0.6757737149030568
0,0,0.07337609699844626,Low Risk,1,-0.43991649313097614,0,0,-0.8702409464784621,1,0,2,1,1,1,1,1,1,2,-1.2051132934870794,3,-1.4744025490663168,-0.9052396185261034,0,-0.6864811035497245,-1.2335563611353098,-1.4797852860309242
0,1,0.7776155864985951,High Risk,1,-0.43991649313097614,1,0,-0.015113308357824713,1,2,1,0,2,0,0,2,2,0,0.8297975015331794,1,1.1329569441943304,0.3814310270651022,2,0.5598077662621966,0.8106642156825693,0.6757737149030568
1,1,0.8309406218670459,High Risk,1,-0.43991649313097614,0,0,-1.1552834925186746,1,0,1,0,0,0,0,2,0,0,-1.2051132934870794,2,0.4350022041245586,-0.8753293657378227,0,-0.02185371766933154,-1.2335563611353098,0.6757737149030568
1,0,0.3798728362206793,Medium Risk,1,-0.43991649313097614,0,0,-0.3408762181180675,1,2,0,2,0,0,0,0,0,0,0.8297975015331794,0,-0.3028356639492,-0.3891056475330589,1,-0.08442809309110182,0.8106642156825693,0.6757737149030568
0,0,0.2441094937660575,Low Risk,1,-0.43991649313097614,0,0,0.10704778280226633,1,2,1,2,0,2,2,2,2,2,0.8297975015331794,2,1.4686399382278874,0.7697566116049036,2,0.8300533726611347,0.8106642156825693,0.6757737149030568
1,0,0.24475121482483253,Low Risk,0,-0.43991649313097614,0,1,0.5549717837226001,1,0,1,2,2,0,2,2,2,1,0.8297975015331794,0,1.3440051632154282,1.1217704870401137,2,0.6791797247961702,0.8106642156825693,0.6757737149030568
1,1,0.8977556585611038,High Risk,1,-0.43991649313097614,1,1,-1.2774445836787656,1,0,1,0,0,0,0,0,0,0,0.8297975015331794,2,0.17410007509847744,-0.9765165235101312,0,-0.42896411197964435,-1.2335563611353098,0.6757737149030568
0,0,0.17845360972929836,Low Risk,0,-0.43991649313097614,1,0,1.6137012404433893,1,2,1,2,0,2,2,2,2,2,0.8297975015331794,1,1.5085230662318745,2.4719700680738805,3,0.7668266928289876,0.8106642156825693,0.6757737149030568
0,1,0.729665718145213,High Risk,0,2.273158691738958,1,0,1.247217966963116,1,2,1,0,2,2,0,2,2,0,0.8297975015331794,2,1.28750406520978,1.8531037601976943,3,0.656673849498277,0.8106642156825693,0.6757737149030568
1,1,0.8268108803163001,High Risk,0,-0.43991649313097614,1,0,-0.46303730927815856,1,2,1,0,0,0,0,0,2,0,0.8297975015331794,2,0.722493085153298,-0.20891568922255413,1,0.34483468499393566,-1.2335563611353098,0.6757737149030568
0,0,0.14418639969517014,Low Risk,1,-0.43991649313097614,1,1,0.18848851024232702,0,1,0,2,0,2,2,0,0,1,0.8297975015331794,2,-0.8163309370005319,-0.3340089752381894,2,-0.34471013332836076,0.8106642156825693,-1.4797852860309242
0,0,0.3543024727219345,Medium Risk,1,-0.43991649313097614,0,0,0.9214550572028734,1,0,1,2,2,0,0,2,2,1,0.8297975015331794,3,1.2010906212011416,1.443697517788662,3,0.622307520671005,0.8106642156825693,0.6757737149030568
0,1,0.5651765933531838,Medium Risk,1,-0.43991649313097614,1,0,-0.748079855318371,1,2,0,0,0,0,2,2,0,0,0.8297975015331794,1,0.06109787908718086,-0.5749906945663505,1,0.06763190040370826,0.8106642156825693,0.6757737149030568
0,0,0.18668923679739424,Low Risk,1,-0.43991649313097614,1,1,0.8400143297628127,1,2,0,2,0,0,2,0,2,0,-1.2051132934870794,2,0.2355865641046238,0.6825202138046935,3,0.1591995675202328,0.8106642156825693,0.6757737149030568
0,0,0.208824758283131,Low Risk,0,-0.43991649313097614,1,1,0.7178532386027215,1,2,0,0,2,2,2,2,2,1,0.8297975015331794,1,0.6443886261454905,0.8310781483177029,3,0.3356774151445056,0.8106642156825693,0.6757737149030568
0,1,0.7927378474643253,High Risk,1,2.273158691738958,1,0,0.22920887396235737,1,2,1,0,2,2,0,2,2,0,0.8297975015331794,2,1.2575917192067896,0.762560491745878,2,0.6822309256306298,0.8106642156825693,0.6757737149030568
1,1,0.8116754635596172,High Risk,0,2.273158691738958,0,0,-0.0965540357978854,1,2,1,0,2,0,0,2,2,0,0.8297975015331794,2,1.1612074931971548,0.3026048184252868,2,0.5662104902877929,0.8106642156825693,0.6757737149030568
0,0,0.11751490268499865,Low Risk,0,-0.43991649313097614,0,0,-0.1779947632379461,1,0,0,2,2,0,2,0,0,1,0.8297975015331794,2,-0.1615829189350795,-0.27690357009923605,2,-0.06743859801397839,0.8106642156825693,0.6757737149030568
1,0,0.31320321862200545,Medium Risk,1,2.273158691738958,1,0,0.5549717837226001,0,1,0,0,2,2,2,2,2,1,0.8297975015331794,0,-0.1615829189350795,0.23607382071024813,2,-0.02039960252879454,0.8106642156825693,-1.4797852860309242
0,0,0.02934986417195775,Low Risk,0,-0.43991649313097614,0,0,1.4100994218432374,1,0,2,1,1,1,1,1,1,1,-1.2051132934870794,2,-1.4694171580658184,-0.41433621501424306,3,-0.6788046412150274,-1.2335563611353098,-1.4797852860309242
1,1,0.7084717700703709,High Risk,0,-0.43991649313097614,0,0,-1.2774445836787656,1,0,0,0,0,0,0,0,0,0,-1.2051132934870794,3,-0.6252242819814278,-0.9871341114002884,0,-0.6260455327357438,-1.2335563611353098,0.6757737149030568
0,0,0.020769387000443267,Low Risk,1,-0.43991649313097614,1,0,0.7178532386027215,1,0,2,1,1,1,1,1,1,2,-1.2051132934870794,2,-1.4943441130683104,-0.560112827127752,3,-0.6769889630489976,-1.2335563611353098,-1.4797852860309242
0,0,0.451248392449777,Medium Risk,0,-0.43991649313097614,1,0,0.9621754209229036,1,2,1,2,0,0,0,2,2,1,0.8297975015331794,2,1.1047063951915064,1.3194430432903366,3,0.5128747497903227,0.8106642156825693,0.6757737149030568
0,0,0.4267253223276696,Medium Risk,1,-0.43991649313097614,0,0,-1.2774445836787656,1,0,2,1,1,1,1,1,1,0,-1.2051132934870794,3,-1.4893587220678117,-0.9986125847950529,0,-0.8391065281477433,-1.2335563611353098,-1.4797852860309242
0,1,0.5554042897664637,Medium Risk,1,-0.43991649313097614,1,0,-1.1960038562387048,0,1,0,2,0,0,2,0,0,0,-1.2051132934870794,3,-0.9858342310174765,-0.9627865034110091,0,-0.5883501258551593,0.8106642156825693,-1.4797852860309242
0,0,0.20326887186704126,Low Risk,0,-0.43991649313097614,1,0,1.6137012404433893,1,2,1,2,2,2,0,2,2,2,0.8297975015331794,2,1.4885815022298807,2.59730616794979,3,0.8305653826050324,0.8106642156825693,0.6757737149030568
1,0,0.08430623742596927,Low Risk,0,-0.43991649313097614,0,0,0.6364125111626608,1,0,0,2,0,2,2,0,0,1,0.8297975015331794,1,-0.1466267459335843,0.2712818304499584,2,-0.03381456727048236,0.8106642156825693,0.6757737149030568
0,0,0.3006557920963264,Medium Risk,1,-0.43991649313097614,0,0,-0.9516816739185228,0,1,0,2,2,2,0,0,0,1,-1.2051132934870794,3,-0.8379342980026917,-0.8427481604865297,0,-0.39126870509905987,0.8106642156825693,-1.4797852860309242
0,1,0.6444971767593899,Medium Risk,1,-0.43991649313097614,0,0,-0.5444780367182193,1,2,0,0,0,0,0,2,2,0,-1.2051132934870794,3,0.16080569909714826,-0.39175452600877375,1,0.14019555864883337,-1.2335563611353098,0.6757737149030568
0,0,0.052424342155878205,Low Risk,1,-0.43991649313097614,1,1,0.5549717837226001,1,0,0,2,0,2,2,2,2,2,-1.2051132934870794,3,0.5396954151350245,0.6906655151175167,2,0.3386657116704458,0.8106642156825693,0.6757737149030568
0,0,0.455223331538861,Medium Risk,1,-0.43991649313097614,1,0,0.9621754209229036,1,2,1,0,2,0,2,2,2,1,0.8297975015331794,2,1.4121388402222392,1.656159645528293,3,0.7321751832595966,0.8106642156825693,0.6757737149030568
0,1,0.6867252612129322,Medium Risk,1,-0.43991649313097614,0,0,0.10704778280226633,1,2,1,0,0,0,0,2,0,0,-1.2051132934870794,2,0.611152686142168,0.25011287663153686,2,0.2941913114438397,-1.2335563611353098,0.6757737149030568
0,0,0.03795301720339096,Low Risk,0,-0.43991649313097614,0,0,-0.30015585439803716,1,0,2,1,1,1,1,1,1,2,-1.2051132934870794,1,-1.4943441130683104,-0.7976289304501862,2,-0.7030437593321218,-1.2335563611353098,-1.4797852860309242
0,1,0.6683805262497691,Medium Risk,0,-0.43991649313097614,0,0,-0.46303730927815856,1,0,1,0,0,0,0,0,0,0,0.8297975015331794,2,0.12923155609399228,-0.3482025490705616,1,0.1097971183768523,-1.2335563611353098,0.6757737149030568
0,0,0.013293276053957819,Low Risk,1,-0.43991649313097614,1,1,1.5729808767233588,1,2,2,1,1,1,1,1,1,2,-1.2051132934870794,1,-1.3098846460498705,-0.19176420109230033,3,-0.5820334136514381,-1.2335563611353098,-1.4797852860309242
1,1,0.9339801664847772,High Risk,0,-0.43991649313097614,1,0,-1.2774445836787656,1,0,1,0,0,0,0,2,0,0,0.8297975015331794,0,0.48485611412954227,-0.9723886878854755,0,-0.3523441001680215,-1.2335563611353098,0.6757737149030568
0,0,0.0664067808231774,Low Risk,0,-0.43991649313097614,0,0,1.2064976032430856,1,2,0,0,2,2,2,2,2,2,-1.2051132934870794,0,0.6560212051466532,1.2852725109536145,3,0.3484093513782761,0.8106642156825693,0.6757737149030568
0,0,0.2543237211454909,Low Risk,1,-0.43991649313097614,1,1,0.8400143297628127,1,2,0,0,0,2,2,2,2,1,0.8297975015331794,3,0.464914550127549,0.73309171870355,3,0.19396614447813096,0.8106642156825693,0.6757737149030568
0,1,0.9240278666899798,High Risk,0,-0.43991649313097614,0,0,-1.2367242199587352,1,2,1,0,0,0,0,0,0,0,0.8297975015331794,3,0.33695618111475767,-0.9473567862899698,0,-0.25933478101701396,-1.2335563611353098,0.6757737149030568
0,0,0.09007565723940311,Low Risk,1,2.273158691738958,1,0,1.6137012404433893,1,2,1,2,2,2,2,0,0,2,0.8297975015331794,0,0.9401884921750601,1.9659680572504457,3,0.5095033420476774,0.8106642156825693,0.6757737149030568
0,1,0.7411344041159421,High Risk,0,-0.43991649313097614,1,0,-0.3408762181180675,1,2,1,0,0,2,0,0,0,0,0.8297975015331794,3,0.4948268961305394,-0.15593811970825652,1,0.2618124137607367,0.8106642156825693,0.6757737149030568
0,0,0.3908799584750896,Medium Risk,1,-0.43991649313097614,0,0,0.35136996512244845,1,2,0,0,0,2,0,0,0,0,0.8297975015331794,0,-0.3011738669490337,-0.019587100170833007,2,-0.12944952035239113,0.8106642156825693,0.6757737149030568
1,1,0.9314876246936021,High Risk,0,-0.43991649313097614,0,1,-1.2367242199587352,1,2,1,0,0,0,0,2,2,0,0.8297975015331794,0,0.9784098231788811,-0.921861330961214,0,0.05615938526613924,-1.2335563611353098,0.6757737149030568
1,1,0.8888636468821854,High Risk,1,-0.43991649313097614,0,0,-1.2367242199587352,1,0,1,0,0,0,0,0,0,0,0.8297975015331794,2,0.09931921009100189,-0.9559214933614479,0,-0.3653189684783676,-1.2335563611353098,0.6757737149030568
1,1,0.8014464372580004,High Risk,1,2.273158691738958,1,0,-0.21871512695797646,1,2,1,0,2,2,0,0,2,0,0.8297975015331794,2,1.0232783421833662,0.10078235256311051,2,0.4667115341177226,0.8106642156825693,0.6757737149030568
1,1,0.7451089628522236,High Risk,1,2.273158691738958,1,0,0.8400143297628127,1,2,1,0,2,0,0,2,2,0,0.8297975015331794,2,1.2343265612044643,1.4425275964618878,3,0.6816846153859837,0.8106642156825693,0.6757737149030568
1,0,0.1580657912882774,Low Risk,0,-0.43991649313097614,0,0,0.06632741908223598,1,2,0,2,2,0,2,0,0,1,0.8297975015331794,3,-0.012021188920128179,-0.08527928636856212,2,-0.024499420139832098,0.8106642156825693,0.6757737149030568
0,1,0.929506534401102,High Risk,1,-0.43991649313097614,0,0,-1.2774445836787656,1,0,1,0,2,0,0,0,2,0,0.8297975015331794,2,0.6726391751483144,-0.969894327320844,0,-0.30604430693426005,0.8106642156825693,0.6757737149030568
0,0,0.020573887316655954,Low Risk,0,-0.43991649313097614,1,1,0.6364125111626608,1,0,2,1,1,1,1,1,1,2,-1.2051132934870794,3,-1.502653098069141,-0.6174389721396816,2,-0.7071307946081992,-1.2335563611353098,-1.4797852860309242
1,1,0.8688736338192574,High Risk,0,2.273158691738958,0,0,-1.1960038562387048,1,2,1,0,0,0,0,0,0,0,0.8297975015331794,1,0.3419415721152558,-0.8942909208264818,0,0.047350132571219894,-1.2335563611353098,0.6757737149030568
0,0,0.01255125012420051,Low Risk,0,-0.43991649313097614,1,1,1.5729808767233588,1,0,0,2,2,2,2,0,0,2,-1.2051132934870794,1,-0.023653767921291324,0.9761042448630926,3,0.020125672046353172,0.8106642156825693,0.6757737149030568
0,1,0.5568683737810103,Medium Risk,1,-0.43991649313097614,0,0,-0.3408762181180675,1,0,1,0,2,2,2,0,0,0,0.8297975015331794,2,0.7042133181514708,-0.07715605904303645,1,0.3787992895492639,0.8106642156825693,0.6757737149030568
0,1,0.8287635166826757,High Risk,0,2.273158691738958,1,0,-1.1145631287986442,1,0,1,0,0,0,0,0,0,0,-1.2051132934870794,2,0.17576187209864347,-0.8738283346015844,0,-0.17602246870847565,-1.2335563611353098,0.6757737149030568
1,1,0.8573925749325189,High Risk,0,2.273158691738958,0,0,-0.9924020376385531,1,2,1,0,0,0,0,0,0,0,0.8297975015331794,2,0.3652067301175816,-0.7397730097431138,0,0.10141208386432879,-1.2335563611353098,0.6757737149030568
0,0,0.3323076010968634,Medium Risk,1,-0.43991649313097614,0,0,-0.7073594915983407,1,0,2,1,1,1,1,1,1,0,0.8297975015331794,3,-1.4943441130683104,-0.8708262723291074,1,-0.6856616381827553,-1.2335563611353098,-1.4797852860309242
1,1,0.8427153469089596,High Risk,1,2.273158691738958,0,0,-1.2367242199587352,1,0,1,0,2,0,0,0,0,0,0.8297975015331794,2,0.3303089931140931,-0.9343993557462645,0,-0.09899272421336822,0.8106642156825693,0.6757737149030568
0,0,0.08469083024581937,Low Risk,0,-0.43991649313097614,1,1,-0.7888002190384014,1,2,2,1,1,1,1,1,1,2,0.8297975015331794,0,-1.3215172250510334,-0.8606280901976051,1,-0.6133438195477208,-1.2335563611353098,-1.4797852860309242
1,1,0.6965831819345453,Medium Risk,0,2.273158691738958,1,0,-0.62591876415828,1,2,1,2,0,2,0,0,0,0,0.8297975015331794,0,0.684271754149477,-0.36133657151264786,1,0.32990634368758204,0.8106642156825693,0.6757737149030568
0,0,0.21120033291335313,Low Risk,1,-0.43991649313097614,1,0,-0.3408762181180675,1,2,0,2,0,0,2,0,0,1,0.8297975015331794,2,-0.2130986259402292,-0.4127910359034094,1,-0.11959954664142101,0.8106642156825693,0.6757737149030568
0,0,0.01523227654783722,Low Risk,0,-0.43991649313097614,1,1,0.7178532386027215,1,0,2,1,1,1,1,1,1,2,-1.2051132934870794,1,-1.4694171580658184,-0.5349264076211631,3,-0.6586554339566076,-1.2335563611353098,-1.4797852860309242
0,0,0.06955396556747144,Low Risk,1,-0.43991649313097614,0,0,1.002895784642934,1,0,0,2,0,2,0,2,2,2,0.8297975015331794,0,0.31867641411292996,0.898602475461135,3,0.21738213186072305,0.8106642156825693,0.6757737149030568
1,1,0.7226854324908301,High Risk,0,2.273158691738958,0,0,-1.1960038562387048,0,1,0,0,0,0,0,0,0,0,-1.2051132934870794,2,-1.3115464430500368,-0.9730950554789994,0,-0.6840227074488168,-1.2335563611353098,-1.4797852860309242
0,1,0.6481886160563368,Medium Risk,1,-0.43991649313097614,0,0,0.18848851024232702,1,2,1,2,0,0,0,2,0,0,0.8297975015331794,2,0.8770402061687477,0.48003552832358853,2,0.4505594404371976,0.8106642156825693,0.6757737149030568
0,0,0.016131742371414615,Low Risk,0,-0.43991649313097614,1,0,1.5729808767233588,1,2,2,1,1,1,1,1,1,2,-1.2051132934870794,1,-1.3015756610490399,-0.17379597543203437,3,-0.5727689024193139,-1.2335563611353098,-1.4797852860309242
0,0,0.028481414202535766,Low Risk,1,-0.43991649313097614,1,1,1.6137012404433893,1,2,0,2,0,2,2,0,0,2,0.8297975015331794,1,0.05777428508684881,1.1168038398981484,3,0.0776675447608385,0.8106642156825693,0.6757737149030568
0,0,0.020480717472742712,Low Risk,1,-0.43991649313097614,0,1,0.7992939660427822,1,2,2,1,1,1,1,1,1,2,-1.2051132934870794,1,-1.3015756610490399,-0.41826538475322017,3,-0.5899194793409589,-1.2335563611353098,-1.4797852860309242
0,0,0.4561631935719059,Medium Risk,1,-0.43991649313097614,0,0,-1.1552834925186746,1,0,2,1,1,1,1,1,1,0,0.8297975015331794,2,-1.4926823160681442,-0.9796068817317986,0,-0.7960845963818588,-1.2335563611353098,-1.4797852860309242
0,0,0.4826993355395717,Medium Risk,1,-0.43991649313097614,0,0,-0.9516816739185228,1,0,0,2,0,2,2,2,0,0,0.8297975015331794,3,0.1574821050968162,-0.7190234616833472,0,0.06804163308719297,0.8106642156825693,0.6757737149030568
0,1,0.8883915042355403,High Risk,1,2.273158691738958,1,0,-1.0331224013585834,1,2,1,0,0,0,0,0,0,0,0.8297975015331794,2,0.33529438411459117,-0.7931920590033639,0,-0.008475945553558819,-1.2335563611353098,0.6757737149030568
0,0,0.05894154631193435,Low Risk,0,-0.43991649313097614,1,1,0.6364125111626608,1,0,0,2,2,2,0,0,2,2,0.8297975015331794,1,0.1774236690988095,0.4222679035657066,2,0.08057610844522219,0.8106642156825693,0.6757737149030568
0,0,0.32336315104168284,Medium Risk,0,-0.43991649313097614,1,0,0.5956921474426305,1,0,0,0,2,0,0,2,0,0,0.8297975015331794,0,-0.2047896409393986,0.19490583440017936,2,-0.07270154368977205,0.8106642156825693,0.6757737149030568
0,1,0.7065805734393992,High Risk,0,2.273158691738958,0,0,-1.1552834925186746,1,0,1,0,2,0,0,0,0,0,-1.2051132934870794,2,0.2654989101076142,-0.8671399164504042,0,0.03895061255978525,0.8106642156825693,0.6757737149030568
0,0,0.35365321814040385,Medium Risk,0,-0.43991649313097614,0,0,0.5956921474426305,1,0,1,2,0,2,2,2,2,1,0.8297975015331794,2,1.2941512532104444,1.0810439804759975,2,0.6126446582188263,0.8106642156825693,0.6757737149030568
0,0,0.49128291724455214,Medium Risk,1,-0.43991649313097614,1,0,-0.3408762181180675,0,1,0,0,0,2,0,0,0,0,-1.2051132934870794,2,-1.1852498710374113,-0.7036820405114985,1,-0.551556130878241,0.8106642156825693,-1.4797852860309242
1,1,0.7627865737699263,High Risk,0,-0.43991649313097614,0,0,-1.2774445836787656,1,0,0,0,0,2,0,0,0,0,0.8297975015331794,3,-0.4756625519664766,-0.9851474525435022,0,-0.5891695912221285,0.8106642156825693,0.6757737149030568
1,1,0.8217836837263612,High Risk,1,-0.43991649313097614,0,0,-1.2774445836787656,0,1,0,0,2,0,2,0,2,0,0.8297975015331794,3,-0.6684310039857471,-0.9877080350700265,0,-0.6366985825063439,0.8106642156825693,-1.4797852860309242
0,0,0.35929761317085074,Medium Risk,0,-0.43991649313097614,1,1,-1.2774445836787656,1,0,2,1,1,1,1,1,1,0,-1.2051132934870794,2,-1.5126238800701375,-0.9989216206172196,0,-0.8448427857165279,-1.2335563611353098,-1.4797852860309242
0,0,0.35302826287100114,Medium Risk,1,-0.43991649313097614,0,0,0.6364125111626608,1,2,1,0,2,2,0,2,2,2,0.8297975015331794,0,1.440389389225063,1.22975643290009,2,0.69234881434525,0.8106642156825693,0.6757737149030568
0,0,0.07424086520825715,Low Risk,1,-0.43991649313097614,0,0,-0.21871512695797646,1,0,2,1,1,1,1,1,1,1,-1.2051132934870794,0,-1.4843733310673135,-0.7590436006539395,2,-0.6732818578174701,-1.2335563611353098,-1.4797852860309242
0,0,0.017391491915361778,Low Risk,0,-0.43991649313097614,1,0,1.125056875803025,1,0,0,2,2,0,2,0,0,2,-1.2051132934870794,0,-0.16324471593524553,0.5304525153113617,3,-0.06666638276992097,0.8106642156825693,0.6757737149030568
0,0,0.20938454480385385,Low Risk,0,-0.43991649313097614,0,0,-0.2594354906780068,1,0,0,0,2,2,0,0,0,1,0.8297975015331794,3,-0.28954128794787104,-0.32171376431341275,2,-0.059779788875433275,0.8106642156825693,0.6757737149030568
0,0,0.02091808571153594,Low Risk,0,2.273158691738958,0,0,0.758573602322752,1,0,2,1,1,1,1,1,1,2,-1.2051132934870794,1,-1.5009913010689746,-0.5801118596193993,3,-0.6975281270544442,-1.2335563611353098,-1.4797852860309242
1,1,0.876237831551682,High Risk,0,-0.43991649313097614,0,0,-1.1552834925186746,1,0,1,0,0,0,0,2,0,0,0.8297975015331794,2,0.4732235351283796,-0.8735855207413105,0,-0.008906164871217738,-1.2335563611353098,0.6757737149030568
0,1,0.551742154108234,Medium Risk,0,2.273158691738958,0,0,-0.2594354906780068,1,2,0,0,0,0,2,0,2,0,0.8297975015331794,2,0.042818112085353605,-0.2779189735149267,2,0.0004357403122315914,0.8106642156825693,0.6757737149030568
0,1,0.5745426739067477,Medium Risk,0,-0.43991649313097614,0,0,0.35136996512244845,1,2,1,2,2,2,2,2,0,0,0.8297975015331794,2,1.3872118852197473,0.8831727583400956,2,0.6684951251938122,0.8106642156825693,0.6757737149030568
0,0,0.11991928509866316,Low Risk,0,-0.43991649313097614,1,0,1.4508197855632678,1,2,1,2,2,2,2,2,2,2,-1.2051132934870794,0,1.6663937812476561,2.45534835563877,3,0.8604587047916041,0.8106642156825693,0.6757737149030568
0,0,0.020254056864753966,Low Risk,1,-0.43991649313097614,1,1,0.5142514200025698,1,0,0,2,0,0,2,0,0,2,-1.2051132934870794,0,-0.33607160395252245,0.1199867215120434,2,-0.09273390901926992,0.8106642156825693,0.6757737149030568
1,0,0.3055771056179829,Medium Risk,0,-0.43991649313097614,1,1,-0.4223169455581282,1,0,0,0,2,0,0,2,2,1,0.8297975015331794,0,0.1574821050968162,-0.3459951503407992,1,0.06499535965780741,0.8106642156825693,0.6757737149030568
0,1,0.7529453868572565,High Risk,1,-0.43991649313097614,0,0,-0.8295205827584317,1,0,1,0,0,0,0,0,2,0,0.8297975015331794,0,0.5047976781315361,-0.5467801387999871,0,0.31284115251988526,-1.2335563611353098,0.6757737149030568
0,1,0.665053300092995,Medium Risk,0,-0.43991649313097614,0,0,-1.2774445836787656,1,0,0,0,0,0,0,0,0,0,-1.2051132934870794,1,-0.6916961619880726,-0.9880170708921934,0,-0.6424348400751284,-1.2335563611353098,0.6757737149030568
0,1,0.8962420750636637,High Risk,1,-0.43991649313097614,0,0,-1.0331224013585834,1,2,1,0,0,0,0,2,2,0,0.8297975015331794,2,0.9750862291785486,-0.6978103598903306,0,0.4341377857806958,-1.2335563611353098,0.6757737149030568
1,0,0.45918664936283893,Medium Risk,0,-0.43991649313097614,0,0,-1.2774445836787656,1,0,2,1,1,1,1,1,1,0,0.8297975015331794,0,-1.481049737066981,-0.9985022148585647,0,-0.8370578647303203,-1.2335563611353098,-1.4797852860309242
1,1,0.6639327034572818,Medium Risk,0,-0.43991649313097614,0,0,-0.7888002190384014,0,1,0,0,0,0,0,0,0,0,0.8297975015331794,2,-1.3580767590546883,-0.8746229981442988,1,-0.6504538940233273,-1.2335563611353098,-1.4797852860309242
0,0,0.020991358617441093,Low Risk,1,-0.43991649313097614,0,0,0.758573602322752,1,0,2,1,1,1,1,1,1,2,-1.2051132934870794,3,-1.4727407520661506,-0.5471112486094515,3,-0.6739684977540789,-1.2335563611353098,-1.4797852860309242
0,1,0.5470787491258821,Medium Risk,1,-0.43991649313097614,1,1,-1.1552834925186746,1,0,0,0,0,0,0,0,0,0,-1.2051132934870794,2,-0.6634456129852487,-0.9325230668259665,0,-0.44650067083278583,-1.2335563611353098,0.6757737149030568
0,1,0.6292974630612599,Medium Risk,1,-0.43991649313097614,0,0,-0.2594354906780068,1,2,1,0,0,2,2,0,0,0,0.8297975015331794,3,0.6493740171459885,-0.0001399173616263817,2,0.38236730245818623,0.8106642156825693,0.6757737149030568
0,1,0.7780203506006665,High Risk,0,-0.43991649313097614,0,0,-0.3408762181180675,1,2,1,0,0,2,0,2,0,0,0.8297975015331794,1,0.8039211381614382,-0.09234296230380179,1,0.3562476026502706,0.8106642156825693,0.6757737149030568
0,0,0.39328241752388654,Medium Risk,0,2.273158691738958,1,0,1.1657772395230555,1,2,1,2,2,2,2,0,0,0,0.8297975015331794,1,0.9784098231788811,1.5953016625487435,3,0.5558350013672954,0.8106642156825693,0.6757737149030568
0,0,0.16101623618906874,Low Risk,0,-0.43991649313097614,0,0,1.6137012404433893,1,2,1,2,2,2,2,2,2,2,0.8297975015331794,2,1.6663937812476561,2.743700851707633,3,0.9050132499165384,0.8106642156825693,0.6757737149030568
0,0,0.2654805061581449,Low Risk,0,-0.43991649313097614,0,0,0.9214550572028734,1,2,1,2,0,2,0,0,0,1,0.8297975015331794,1,0.6477122201458225,1.0189057062331859,3,0.3407041006360794,0.8106642156825693,0.6757737149030568
1,1,0.6188451133623971,Medium Risk,1,-0.43991649313097614,0,0,-0.8295205827584317,1,0,1,2,0,2,0,0,0,0,-1.2051132934870794,0,0.5629605731373504,-0.6283655958520055,0,0.0798608451107875,0.8106642156825693,0.6757737149030568
0,0,0.10118038040131884,Low Risk,1,-0.43991649313097614,1,1,1.2879383306831464,1,2,1,2,0,2,0,0,2,2,-1.2051132934870794,0,0.9518210711762233,1.5630074191323198,3,0.46546342532803126,0.8106642156825693,0.6757737149030568
1,1,0.8336959831150158,High Risk,0,2.273158691738958,0,0,0.18848851024232702,1,2,1,0,0,0,0,2,2,0,0.8297975015331794,2,1.0565142821866886,0.5732098287068595,2,0.5415847908050165,-1.2335563611353098,0.6757737149030568
0,0,0.0689759347710017,Low Risk,1,-0.43991649313097614,1,0,1.6137012404433893,1,2,0,2,2,2,2,2,2,2,0.8297975015331794,1,0.7956121531606076,1.7746528093419385,3,0.41221147443778283,0.8106642156825693,0.6757737149030568
0,0,0.15180536158752567,Low Risk,1,-0.43991649313097614,0,0,-0.8702409464784621,1,0,2,1,1,1,1,1,1,1,-1.2051132934870794,3,-1.504314895069307,-0.9072924993447822,0,-0.692831960143736,-1.2335563611353098,-1.4797852860309242
0,1,0.6965011578443879,Medium Risk,0,2.273158691738958,1,0,0.7992939660427822,1,2,1,2,2,2,0,2,2,0,0.8297975015331794,2,1.4736253292283856,1.4860354254255048,3,0.7439382139244824,0.8106642156825693,0.6757737149030568
0,0,0.12156136912728269,Low Risk,0,-0.43991649313097614,1,1,1.0436161483629645,1,0,0,0,0,0,0,0,0,1,0.8297975015331794,3,-0.6867107709875744,0.05789259524382724,3,-0.3322810879207833,-1.2335563611353098,0.6757737149030568
0,0,0.42327636672500135,Medium Risk,0,-0.43991649313097614,0,0,-1.1552834925186746,1,0,0,2,2,0,0,0,0,0,-1.2051132934870794,2,-0.31779183695069496,-0.91000759978239,0,-0.27932973597106314,0.8106642156825693,0.6757737149030568
0,0,0.05992240117904755,Low Risk,0,-0.43991649313097614,1,1,0.22920887396235737,1,0,2,1,1,1,1,1,1,1,-1.2051132934870794,3,-1.477726143066649,-0.6765972580973139,2,-0.6876840366845702,-1.2335563611353098,-1.4797852860309242
0,0,0.33091789203005534,Medium Risk,1,-0.43991649313097614,0,1,-1.1960038562387048,1,0,2,1,1,1,1,1,1,0,-1.2051132934870794,3,-1.4594463760648215,-0.9806443591347869,0,-0.7540869963246858,-1.2335563611353098,-1.4797852860309242
0,0,0.2689500821677692,Low Risk,1,-0.43991649313097614,0,0,1.2064976032430856,1,2,1,2,2,0,0,0,2,1,0.8297975015331794,0,0.9152615371725683,1.5228989842125369,3,0.48843387003579597,0.8106642156825693,0.6757737149030568
0,0,0.14012592861320156,Low Risk,0,-0.43991649313097614,0,0,-0.9924020376385531,1,0,0,2,0,0,2,0,0,1,-1.2051132934870794,0,-0.3493659799538514,-0.8097475494765819,0,-0.18722182872372184,0.8106642156825693,0.6757737149030568
0,0,0.21455679097569758,Low Risk,1,-0.43991649313097614,1,1,-0.6666391278783103,1,0,2,1,1,1,1,1,1,0,-1.2051132934870794,2,-1.4960059100684764,-0.8690603533452975,1,-0.7004481676720383,-1.2335563611353098,-1.4797852860309242
0,1,0.5407396819487745,Medium Risk,1,-0.43991649313097614,0,0,-0.9924020376385531,1,0,0,0,0,0,0,0,0,0,-1.2051132934870794,3,-0.7049905379894018,-0.859347798934343,0,-0.391815015343706,-1.2335563611353098,0.6757737149030568
1,0,0.42562563890844296,Medium Risk,1,-0.43991649313097614,0,0,-1.2774445836787656,1,0,2,1,1,1,1,1,1,0,-1.2051132934870794,3,-1.4943441130683104,-0.9986788067569455,0,-0.8403357261981972,-1.2335563611353098,-1.4797852860309242
0,0,0.06438264548666409,Low Risk,1,-0.43991649313097614,1,1,0.7992939660427822,0,1,0,0,2,2,2,2,0,2,-1.2051132934870794,3,-0.48397153696730727,0.12011916543582922,3,-0.21281079442813833,0.8106642156825693,-1.4797852860309242
0,0,0.027415478768651858,Low Risk,0,-0.43991649313097614,1,0,1.6137012404433893,1,2,2,1,1,1,1,1,1,2,0.8297975015331794,3,-1.288281285047711,-0.22335207691520023,3,-0.6038582272862277,-1.2335563611353098,-1.4797852860309242
0,1,0.7051278962814925,High Risk,1,2.273158691738958,0,0,-0.6666391278783103,1,0,1,0,0,0,0,0,0,0,-1.2051132934870794,2,0.16246749609731476,-0.5468242867745824,1,0.0032315633289500393,-1.2335563611353098,0.6757737149030568
0,1,0.6150090330168368,Medium Risk,1,-0.43991649313097614,0,0,-0.5851984004382496,1,2,1,0,0,2,0,2,0,1,0.8297975015331794,1,0.8255244991635975,-0.2864836805864049,1,0.4060279672058435,0.8106642156825693,0.6757737149030568
1,0,0.4289268535277201,Medium Risk,1,-0.43991649313097614,0,0,-1.2774445836787656,1,0,2,1,1,1,1,1,1,0,-1.2051132934870794,3,-1.479387940066815,-0.998480140871267,0,-0.8366481320468356,-1.2335563611353098,-1.4797852860309242
0,0,0.06177846800509471,Low Risk,1,-0.43991649313097614,1,1,1.6137012404433893,1,0,0,0,2,2,0,2,2,2,0.8297975015331794,0,0.35357415111641893,1.411999272029274,3,0.2277868646578178,0.8106642156825693,0.6757737149030568
0,0,0.04487110869896011,Low Risk,0,-0.43991649313097614,1,0,0.6771328748826912,1,0,2,1,1,1,1,1,1,1,-1.2051132934870794,1,-1.46443176706532,-0.5517909339165478,3,-0.6642981760658675,-1.2335563611353098,-1.4797852860309242
0,1,0.6868271363682362,Medium Risk,1,-0.43991649313097614,0,0,-1.2774445836787656,1,0,0,0,0,0,0,0,0,0,-1.2051132934870794,2,-0.6900343649879066,-0.9879949969048957,0,-0.6420251073916439,-1.2335563611353098,0.6757737149030568
0,0,0.2992374260863085,Low Risk,0,-0.43991649313097614,1,0,0.758573602322752,1,0,1,2,2,2,0,2,0,1,0.8297975015331794,2,0.9551446651765553,1.0320176546879745,3,0.45339522190447284,0.8106642156825693,0.6757737149030568
0,0,0.4524512202759753,Medium Risk,1,2.273158691738958,1,0,1.6137012404433893,1,2,1,0,2,0,0,2,2,1,0.8297975015331794,1,1.0797794401890146,2.141699070126831,3,0.5988699692592122,0.8106642156825693,0.6757737149030568
0,0,0.05903872242723991,Low Risk,1,2.273158691738958,1,0,1.6137012404433893,1,2,0,0,2,2,2,2,0,2,-1.2051132934870794,1,0.4183842341228973,1.3749149733692656,3,0.2089279356645532,0.8106642156825693,0.6757737149030568
0,0,0.12013295385376524,Low Risk,0,-0.43991649313097614,0,0,-0.6666391278783103,1,0,2,1,1,1,1,1,1,1,-1.2051132934870794,3,-1.5192710680708021,-0.8632107467114272,1,-0.6876741487163415,-1.2335563611353098,-1.4797852860309242
0,0,0.39649804877027983,Medium Risk,1,-0.43991649313097614,1,1,-0.6666391278783103,1,2,0,2,2,0,2,2,2,0,-1.2051132934870794,2,0.6693155811479823,-0.39012105094874955,1,0.34543065980627685,0.8106642156825693,0.6757737149030568
0,0,0.3734606265723323,Medium Risk,1,-0.43991649313097614,0,0,-1.2774445836787656,1,0,2,1,1,1,1,1,1,0,-1.2051132934870794,0,-1.4993295040688086,-0.9987450287188385,0,-0.8415649242486511,-1.2335563611353098,-1.4797852860309242
1,1,0.8874322598502578,High Risk,1,-0.43991649313097614,1,0,-0.9109613101984924,1,2,1,0,0,0,0,2,0,0,0.8297975015331794,2,0.6925807391503077,-0.6481218144833789,0,0.2099953837017261,-1.2335563611353098,0.6757737149030568
0,0,0.49516706356369394,Medium Risk,0,-0.43991649313097614,1,0,1.002895784642934,1,2,1,0,0,2,0,2,2,1,0.8297975015331794,1,1.1961052302006432,1.6348361737987882,3,0.6886171040077005,0.8106642156825693,0.6757737149030568
0,0,0.30018734778051254,Medium Risk,1,-0.43991649313097614,1,1,-0.015113308357824713,1,0,1,2,2,0,0,0,2,1,0.8297975015331794,2,0.8654076271675846,0.3275484240716019,2,0.49919216139032113,0.8106642156825693,0.6757737149030568
0,0,0.13869579215799052,Low Risk,0,-0.43991649313097614,0,0,1.6137012404433893,1,2,1,2,2,2,0,2,0,2,0.8297975015331794,0,1.2143849972024705,2.198274699570641,3,0.6276410615269126,0.8106642156825693,0.6757737149030568
0,1,0.5131139079176028,Medium Risk,0,2.273158691738958,1,0,1.0436161483629645,1,2,1,0,2,0,0,2,2,1,0.8297975015331794,0,1.0980592071908417,1.4025295314785933,3,0.5137821803661755,0.8106642156825693,0.6757737149030568
0,0,0.3889305431576909,Medium Risk,0,-0.43991649313097614,0,0,-0.38159658183809786,1,2,0,0,0,0,2,2,2,1,0.8297975015331794,3,0.29873485011093664,-0.2319167839866784,1,0.19697085082368485,0.8106642156825693,0.6757737149030568
1,1,0.7803045288080743,High Risk,1,2.273158691738958,0,0,-0.30015585439803716,1,2,1,0,2,0,0,2,0,0,0.8297975015331794,2,0.8222009051632655,-0.03786436165326572,2,0.3817707970414893,0.8106642156825693,0.6757737149030568
0,0,0.17121127490904164,Low Risk,1,-0.43991649313097614,1,1,-0.015113308357824713,1,0,2,1,1,1,1,1,1,0,0.8297975015331794,1,-1.505976692069473,-0.7096199430945594,2,-0.6675775274707753,-1.2335563611353098,-1.4797852860309242
0,0,0.17810791661147127,Low Risk,0,-0.43991649313097614,0,0,1.4915401492832983,1,2,1,0,0,2,2,2,2,2,-1.2051132934870794,2,1.304122035211441,2.095520288700201,3,0.6430136544971026,0.8106642156825693,0.6757737149030568
0,0,0.09972048956455433,Low Risk,0,-0.43991649313097614,1,1,1.6137012404433893,1,0,1,2,2,2,2,2,2,2,0.8297975015331794,1,1.4869197052297147,2.460359150755331,3,0.76092205196562,0.8106642156825693,0.6757737149030568
0,0,0.12328084807877679,Low Risk,1,-0.43991649313097614,0,0,0.7178532386027215,0,1,0,2,0,0,2,0,0,1,0.8297975015331794,3,-0.9758634490164798,-0.2353161780305124,3,-0.44056517070418905,0.8106642156825693,-1.4797852860309242
1,0,0.44240960984765326,Medium Risk,1,-0.43991649313097614,1,1,-0.1779947632379461,1,2,1,2,2,0,0,2,2,1,-1.2051132934870794,2,1.3739175092184182,0.2496493228982869,2,0.6066140524578831,0.8106642156825693,0.6757737149030568
0,0,0.17291686432172593,Low Risk,0,-0.43991649313097614,1,0,-0.9109613101984924,1,0,2,1,1,1,1,1,1,1,-1.2051132934870794,3,-1.4843733310673135,-0.9260112405731674,0,-0.7278454803687848,-1.2335563611353098,-1.4797852860309242
0,0,0.28991067973334406,Low Risk,1,-0.43991649313097614,1,1,1.0436161483629645,1,2,1,0,2,0,2,2,0,1,0.8297975015331794,1,0.9950277931805424,1.3899694327062453,3,0.5058792008101504,0.8106642156825693,0.6757737149030568
0,1,0.8706011964668129,High Risk,1,2.273158691738958,1,0,-1.0331224013585834,1,2,1,0,0,0,0,0,0,0,0.8297975015331794,2,0.35357415111641893,-0.7720893271468353,0,0.08945016579926393,-1.2335563611353098,0.6757737149030568
1,0,0.3537986571846277,Medium Risk,1,-0.43991649313097614,0,1,-1.1552834925186746,1,0,0,2,0,0,0,0,0,0,-1.2051132934870794,2,-0.5122220859701314,-0.9104490795283425,0,-0.2826075974389401,0.8106642156825693,0.6757737149030568
0,0,0.13175197597082336,Low Risk,0,-0.43991649313097614,1,1,0.06632741908223598,1,0,0,2,2,2,0,0,0,1,0.8297975015331794,3,-0.13167057293208934,-0.10589639050454296,2,-0.04636743878981104,0.8106642156825693,0.6757737149030568
0,0,0.13600502204627019,Low Risk,0,-0.43991649313097614,1,1,1.5322605130033284,1,2,1,2,2,2,2,2,2,2,0.8297975015331794,1,1.6747027662484868,2.6347877983811556,3,0.9018014769154554,0.8106642156825693,0.6757737149030568
0,0,0.12089598152613468,Low Risk,1,2.273158691738958,1,1,1.5729808767233588,1,2,0,0,2,2,2,0,2,1,0.8297975015331794,0,0.2704843011081128,1.261631270557859,3,0.1673449015150612,0.8106642156825693,0.6757737149030568
0,1,0.7270719057049346,High Risk,1,-0.43991649313097614,0,0,-0.46303730927815856,1,2,1,2,0,2,0,2,2,0,-1.2051132934870794,3,1.2991366442109427,-0.02954246844206151,1,0.6475153928117517,0.8106642156825693,0.6757737149030568
0,0,0.06962059337333734,Low Risk,0,-0.43991649313097614,0,0,0.9621754209229036,1,0,0,2,0,2,2,0,0,1,0.8297975015331794,1,-0.1499503399339166,0.44184753029869905,3,-0.05869515537802171,0.8106642156825693,0.6757737149030568
0,0,0.0263224914733082,Low Risk,1,-0.43991649313097614,0,1,1.5729808767233588,1,0,0,2,2,2,2,2,0,2,0.8297975015331794,1,0.4034280611214026,1.4307400872449565,3,0.25453829285327323,0.8106642156825693,0.6757737149030568
1,1,0.7710052541399673,High Risk,0,-0.43991649313097614,1,1,-0.748079855318371,1,2,1,0,0,2,0,0,2,0,0.8297975015331794,2,0.7474200401557899,-0.4517736974710134,1,0.37258227896519064,0.8106642156825693,0.6757737149030568
0,0,0.045256641860214754,Low Risk,1,-0.43991649313097614,1,1,0.35136996512244845,1,0,2,1,1,1,1,1,1,1,-1.2051132934870794,0,-1.504314895069307,-0.6550309725075352,2,-0.6911149850891338,-1.2335563611353098,-1.4797852860309242
1,1,0.8308080399532757,High Risk,0,-0.43991649313097614,0,0,-1.1960038562387048,1,2,1,0,0,0,0,0,0,0,-1.2051132934870794,0,0.32033821111309646,-0.9121487765502595,0,-0.11838673789830659,-1.2335563611353098,0.6757737149030568
0,0,0.012638174795261546,Low Risk,0,-0.43991649313097614,1,1,1.0436161483629645,1,0,2,1,1,1,1,1,1,2,-1.2051132934870794,1,-1.4710789550659844,-0.48144113639902003,3,-0.6716369745505997,-1.2335563611353098,-1.4797852860309242
0,0,0.03816949761119364,Low Risk,0,-0.43991649313097614,1,1,1.6137012404433893,0,1,0,2,2,2,2,2,2,2,-1.2051132934870794,0,0.03118553308419093,1.0125042499168748,3,0.024626806967282124,0.8106642156825693,-1.4797852860309242
1,1,0.6304553987406123,Medium Risk,0,-0.43991649313097614,0,0,-0.7888002190384014,1,2,1,0,2,2,2,0,0,0,-1.2051132934870794,2,0.8188773111629334,-0.507510515397514,1,0.3230124286956186,0.8106642156825693,0.6757737149030568
0,0,0.06357281626627682,Low Risk,1,-0.43991649313097614,1,1,0.43281069256250915,1,0,0,2,0,2,2,2,2,2,0.8297975015331794,1,0.47820892612887816,0.5671615561873105,2,0.3259124847021007,0.8106642156825693,0.6757737149030568
0,0,0.41493225337435896,Medium Risk,1,-0.43991649313097614,0,0,0.35136996512244845,0,1,0,0,0,2,0,2,2,1,0.8297975015331794,2,-0.44575020596348647,-0.09130548490081351,2,-0.19284101981151083,0.8106642156825693,-1.4797852860309242
1,1,0.7769204137808329,High Risk,0,-0.43991649313097614,0,0,-1.2367242199587352,1,0,1,0,0,0,0,0,0,0,-1.2051132934870794,0,0.17410007509847744,-0.9398516306087776,0,-0.16646203942716795,-1.2335563611353098,0.6757737149030568
0,0,0.3884754883506777,Medium Risk,0,-0.43991649313097614,0,0,-1.2774445836787656,1,0,2,1,1,1,1,1,1,0,-1.2051132934870794,1,-1.477726143066649,-0.9984580668839693,0,-0.8362383993633511,-1.2335563611353098,-1.4797852860309242
1,1,0.8689397921684258,High Risk,1,-0.43991649313097614,0,0,-1.1552834925186746,1,0,1,0,0,0,0,0,2,0,0.8297975015331794,2,0.50313588113137,-0.8642482241144155,0,0.06042060517437908,-1.2335563611353098,0.6757737149030568
0,1,0.5168542034237259,Medium Risk,1,-0.43991649313097614,0,0,-1.2774445836787656,1,0,2,1,1,1,1,1,1,0,0.8297975015331794,3,-1.491020519067978,-0.9986346587823504,0,-0.839516260831228,-1.2335563611353098,-1.4797852860309242
0,0,0.17532568883674732,Low Risk,1,-0.43991649313097614,1,0,1.6137012404433893,1,2,1,2,2,2,2,2,2,2,0.8297975015331794,1,1.639805029244998,2.5625617119433297,3,0.8128963622268193,0.8106642156825693,0.6757737149030568
0,0,0.029468254789732095,Low Risk,0,-0.43991649313097614,1,1,1.4915401492832983,1,2,0,2,0,2,2,0,0,2,0.8297975015331794,1,-0.020330173920958795,0.8706788815296407,3,-0.006564835251305489,0.8106642156825693,0.6757737149030568
0,0,0.3301688206808575,Medium Risk,1,-0.43991649313097614,1,1,-0.21871512695797646,0,1,0,0,2,2,0,0,2,1,0.8297975015331794,1,-0.62854787598176,-0.45715975037163364,2,-0.2730315592934996,0.8106642156825693,-1.4797852860309242
0,1,0.5096631184653274,Medium Risk,0,-0.43991649313097614,0,1,-0.748079855318371,1,0,0,0,0,2,0,2,0,0,0.8297975015331794,1,-0.16490651293541178,-0.6432655372779017,1,-0.10134185826534664,0.8106642156825693,0.6757737149030568
0,0,0.4652157794440306,Medium Risk,1,-0.43991649313097614,0,0,-0.5444780367182193,1,0,0,0,0,0,0,0,0,0,0.8297975015331794,0,-0.6567984249845842,-0.6251648676938499,1,-0.29305578086779766,-1.2335563611353098,0.6757737149030568
0,1,0.7943418712957724,High Risk,0,-0.43991649313097614,1,0,-0.5851984004382496,1,0,1,0,0,2,0,2,2,0,0.8297975015331794,1,1.0365727181846955,-0.2368172091667509,1,0.5030699185574626,0.8106642156825693,0.6757737149030568
0,1,0.7972291690205164,High Risk,1,-0.43991649313097614,1,1,-1.1145631287986442,1,0,1,2,0,2,0,0,2,0,0.8297975015331794,3,0.8504514541660894,-0.8155971561104522,0,0.18426913763566194,0.8106642156825693,0.6757737149030568
0,0,0.3884147729638197,Medium Risk,1,-0.43991649313097614,1,1,-0.1779947632379461,1,0,1,0,2,2,0,2,2,1,-1.2051132934870794,0,1.182810854199314,0.22828170319418684,2,0.5792608636569793,0.8106642156825693,0.6757737149030568
0,0,0.09988130311916331,Low Risk,0,-0.43991649313097614,0,0,-0.0965540357978854,1,0,0,2,2,2,2,2,0,1,-1.2051132934870794,1,0.32864719611392706,0.01178003577909058,2,0.2179377093258707,0.8106642156825693,0.6757737149030568
0,0,0.22984943641349545,Low Risk,0,2.273158691738958,0,0,1.5729808767233588,1,2,1,0,0,2,0,2,2,2,-1.2051132934870794,0,1.3057838322116073,2.2655120648792035,3,0.6849510953904305,0.8106642156825693,0.6757737149030568
1,1,0.6127475931052996,Medium Risk,1,-0.43991649313097614,0,0,-1.2774445836787656,1,0,0,2,0,0,2,0,0,0,0.8297975015331794,2,-0.35933676195484804,-0.9836022734326686,0,-0.5604883033782055,0.8106642156825693,0.6757737149030568
0,0,0.1723809353723905,Low Risk,1,-0.43991649313097614,1,1,1.5729808767233588,1,2,1,2,0,0,0,2,2,2,0.8297975015331794,2,1.0781176431888486,2.043337382728618,3,0.5703966659661904,0.8106642156825693,0.6757737149030568
0,0,0.2856178552179615,Low Risk,0,-0.43991649313097614,1,1,-0.015113308357824713,1,2,0,0,2,2,0,0,0,0,-1.2051132934870794,0,-0.07683127192660708,-0.10435121139370927,2,0.013323695629111204,0.8106642156825693,0.6757737149030568
0,0,0.06895821144073488,Low Risk,0,2.273158691738958,0,0,1.5322605130033284,1,2,0,0,2,2,2,2,0,2,0.8297975015331794,0,0.356897745116751,1.2938592920123901,3,0.20067383399602223,0.8106642156825693,0.6757737149030568
0,1,0.8365704677381306,High Risk,1,-0.43991649313097614,0,0,-1.2774445836787656,1,0,0,0,0,0,0,0,2,0,0.8297975015331794,2,-0.3161300399505289,-0.9830283497629303,0,-0.5498352536076055,-1.2335563611353098,0.6757737149030568
1,1,0.900474766246631,High Risk,1,-0.43991649313097614,1,1,-1.2774445836787656,1,0,1,0,0,0,0,0,0,0,0.8297975015331794,2,0.2073360151017999,-0.9760750437641786,0,-0.42076945830995205,-1.2335563611353098,0.6757737149030568
0,1,0.7189604442364376,High Risk,0,2.273158691738958,0,0,-1.1552834925186746,1,2,0,0,0,0,0,0,0,0,-1.2051132934870794,3,-0.532163649972125,-0.9280199734172513,0,-0.4130664838604413,-1.2335563611353098,0.6757737149030568
0,1,0.679614777215341,Medium Risk,1,2.273158691738958,1,0,0.43281069256250915,1,2,1,0,2,0,2,2,0,0,0.8297975015331794,2,0.9817334171792131,0.7378155519852417,2,0.46989627452117133,0.8106642156825693,0.6757737149030568
0,0,0.0509305324638574,Low Risk,1,-0.43991649313097614,1,0,1.6137012404433893,1,2,0,2,2,2,2,2,2,2,-1.2051132934870794,1,0.9152615371725683,1.9592796390992657,3,0.5061019994971064,0.8106642156825693,0.6757737149030568
0,0,0.1586149304848152,Low Risk,1,2.273158691738958,1,1,1.6137012404433893,1,2,1,2,2,2,2,2,2,2,0.8297975015331794,0,1.6680555782478224,2.6111244839981027,3,0.8375925787656179,0.8106642156825693,0.6757737149030568
1,1,0.8966883995887073,High Risk,1,2.273158691738958,1,0,-1.1552834925186746,1,2,1,0,0,0,0,0,0,0,0.8297975015331794,3,0.32033821111309646,-0.8720624156177744,0,0.002402457192957815,-1.2335563611353098,0.6757737149030568
0,0,0.11444918067206675,Low Risk,0,-0.43991649313097614,0,0,-0.3408762181180675,1,2,2,1,1,1,1,1,1,1,-1.2051132934870794,0,-1.3348116010523623,-0.7402144894890662,1,-0.6058047381716039,-1.2335563611353098,-1.4797852860309242
1,1,0.9793987399012791,High Risk,1,2.273158691738958,1,0,-1.2774445836787656,1,2,1,0,0,0,0,2,2,0,0.8297975015331794,2,1.0083221691818711,-0.965435381886724,0,-0.22327830487036796,-1.2335563611353098,0.6757737149030568
0,0,0.3950500293384833,Medium Risk,0,-0.43991649313097614,0,0,-1.2774445836787656,1,0,2,1,1,1,1,1,1,0,-1.2051132934870794,2,-1.5259182560714666,-0.9990982125156006,0,-0.8481206471844048,-1.2335563611353098,-1.4797852860309242
0,1,0.9083180163734229,High Risk,1,2.273158691738958,0,0,-0.748079855318371,1,2,1,0,0,0,0,2,2,0,0.8297975015331794,2,1.0249401391835322,-0.44528394520551196,1,0.3886438001577876,-1.2335563611353098,0.6757737149030568
1,1,0.7923855519390343,High Risk,1,2.273158691738958,1,0,0.14776814652229667,1,2,1,0,0,0,0,0,2,0,0.8297975015331794,2,0.642726829145324,0.32655509464320887,2,0.33584070024147483,-1.2335563611353098,0.6757737149030568
0,1,0.6031914431957092,Medium Risk,1,-0.43991649313097614,1,1,0.3106496014024181,1,2,1,0,0,2,0,0,0,0,0.8297975015331794,2,0.5463426031356892,0.4460636618725453,2,0.31347151049447713,0.8106642156825693,0.6757737149030568
0,0,0.13794057834558987,Low Risk,1,2.273158691738958,0,0,1.4100994218432374,1,0,1,2,2,0,2,2,2,2,0.8297975015331794,2,1.3390197722149297,2.158740188320596,3,0.7259277112281362,0.8106642156825693,0.6757737149030568
0,0,0.10479305297607887,Low Risk,1,-0.43991649313097614,1,1,1.4915401492832983,1,0,1,0,2,0,2,2,0,2,0.8297975015331794,3,0.9102761461720702,1.853765979816623,3,0.5148024445107169,0.8106642156825693,0.6757737149030568
0,0,0.43149886008896093,Medium Risk,1,-0.43991649313097614,0,0,-1.2774445836787656,1,0,2,1,1,1,1,1,1,0,-1.2051132934870794,3,-1.4677553610656522,-0.9983256229601837,0,-0.8337800032624433,-1.2335563611353098,-1.4797852860309242
0,0,0.19354125045548856,Low Risk,0,-0.43991649313097614,0,1,-0.9109613101984924,0,1,0,2,2,0,2,0,0,1,-1.2051132934870794,3,-0.8146691400003658,-0.8257732642546568,0,-0.38955527751357866,0.8106642156825693,-1.4797852860309242
1,0,0.015190142776737013,Low Risk,1,-0.43991649313097614,1,1,0.9214550572028734,1,0,0,2,2,0,2,0,0,2,-1.2051132934870794,0,-0.23968737794288733,0.3375037923428304,3,-0.1110115495955836,0.8106642156825693,0.6757737149030568
1,0,0.14554408704053517,Low Risk,1,-0.43991649313097614,1,1,1.4508197855632678,1,2,1,2,2,2,2,2,2,2,0.8297975015331794,2,1.608230886241842,2.4608447784758787,3,0.8634159058984929,0.8106642156825693,0.6757737149030568
1,1,0.6584261989472241,Medium Risk,1,2.273158691738958,1,1,1.369379058123207,1,2,1,0,0,2,0,2,2,0,0.8297975015331794,1,1.15456030519649,2.004420943122907,3,0.6662207739087982,0.8106642156825693,0.6757737149030568
0,1,0.7947908496240835,High Risk,0,-0.43991649313097614,0,0,-1.0331224013585834,1,0,1,0,0,0,0,0,0,0,0.8297975015331794,3,0.17077648109814536,-0.7878722280646365,0,0.01621044862638922,-1.2335563611353098,0.6757737149030568
0,0,0.0607790548141255,Low Risk,0,-0.43991649313097614,1,1,-0.9109613101984924,1,0,2,1,1,1,1,1,1,2,-1.2051132934870794,3,-1.4827115340671475,-0.9099413778204971,0,-0.6736117724457305,-1.2335563611353098,-1.4797852860309242
0,1,0.6735294315643934,Medium Risk,1,-0.43991649313097614,0,0,-1.2774445836787656,0,1,0,0,0,0,2,0,0,0,-1.2051132934870794,3,-1.1835880740372453,-0.99455097113229,0,-0.7637157143865744,0.8106642156825693,-1.4797852860309242
0,0,0.012268401997081303,Low Risk,1,-0.43991649313097614,1,1,0.9214550572028734,1,0,2,1,1,1,1,1,1,2,-1.2051132934870794,0,-1.5093002860698053,-0.4982835887071072,3,-0.6650725708376534,-1.2335563611353098,-1.4797852860309242
0,1,0.7491180208675186,High Risk,1,-0.43991649313097614,1,0,0.5142514200025698,1,2,1,0,2,2,0,2,2,0,0.8297975015331794,0,1.4287568102239003,1.1482371978099648,2,0.7370994762885696,0.8106642156825693,0.6757737149030568
0,1,0.703907817241777,High Risk,0,-0.43991649313097614,1,0,-0.9109613101984924,1,0,0,0,0,2,0,2,2,0,0.8297975015331794,1,0.10098100709116792,-0.7190676096579424,0,-0.02943749715637401,0.8106642156825693,0.6757737149030568
0,0,0.17958205937383703,Low Risk,0,-0.43991649313097614,1,0,1.4915401492832983,1,2,1,2,2,2,2,2,2,2,0.8297975015331794,2,1.7029533152513108,2.605142433440447,3,0.9132850391716538,0.8106642156825693,0.6757737149030568
1,1,0.9655117959226367,High Risk,0,2.273158691738958,0,0,-1.2774445836787656,1,2,1,0,0,0,0,0,2,0,0.8297975015331794,2,0.6743009721484804,-0.9698722533335463,0,-0.30563457425077545,-1.2335563611353098,0.6757737149030568
0,0,0.04389321136915591,Low Risk,0,-0.43991649313097614,0,0,0.025607055362205634,1,2,2,1,1,1,1,1,1,2,-1.2051132934870794,1,-1.2982520670487077,-0.6427136875954611,2,-0.6043779043561751,-1.2335563611353098,-1.4797852860309242
0,0,0.055183127680377045,Low Risk,0,-0.43991649313097614,0,0,0.5142514200025698,1,0,0,2,0,2,2,2,2,2,-1.2051132934870794,0,0.5612987761371843,0.5901626509514346,2,0.28671418481648153,0.8106642156825693,0.6757737149030568
0,1,0.7009863602619409,High Risk,0,-0.43991649313097614,0,0,-1.2774445836787656,1,0,0,0,0,0,0,0,0,0,-1.2051132934870794,3,-0.6651074099854147,-0.9876638870954313,0,-0.6358791171393746,-1.2335563611353098,0.6757737149030568
0,0,0.46001186106786457,Medium Risk,1,-0.43991649313097614,0,0,-0.055833672077855064,1,2,0,0,2,0,2,2,0,0,0.8297975015331794,2,0.2089978121019659,-0.05022579453993516,2,0.10786252826335392,0.8106642156825693,0.6757737149030568
0,0,0.06098452854820387,Low Risk,1,-0.43991649313097614,1,1,0.7178532386027215,1,0,2,1,1,1,1,1,1,1,0.8297975015331794,3,-1.4760643460664828,-0.5928926982647237,3,-0.7008498663813368,-1.2335563611353098,-1.4797852860309242
0,0,0.33497981491115925,Medium Risk,0,-0.43991649313097614,0,0,1.002895784642934,1,2,1,2,2,0,2,0,0,0,0.8297975015331794,0,0.7573908221567865,1.1491422312891675,3,0.3777430269486671,0.8106642156825693,0.6757737149030568
1,1,0.9422125498510232,High Risk,1,-0.43991649313097614,0,0,-1.2774445836787656,1,2,1,0,0,0,0,0,0,0,0.8297975015331794,3,0.3153528201125979,-0.9746402345898332,0,-0.3941368338834521,-1.2335563611353098,0.6757737149030568
1,1,0.8481916373100997,High Risk,0,-0.43991649313097614,0,0,-1.2367242199587352,1,0,1,0,0,2,0,0,0,0,0.8297975015331794,2,0.36686852711774764,-0.9364522365649436,0,-0.12439615058941426,0.8106642156825693,0.6757737149030568
1,1,0.9195660873466148,High Risk,1,-0.43991649313097614,0,0,-1.1960038562387048,1,2,1,0,2,2,0,2,2,0,0.8297975015331794,0,1.3489905542159264,-0.8647117778476656,0,0.32187103050591154,0.8106642156825693,0.6757737149030568
0,1,0.7584567485709185,High Risk,1,2.273158691738958,1,0,1.4100994218432374,1,2,1,0,0,0,0,2,2,0,0.8297975015331794,1,0.9933659961803764,1.6763352699183214,3,0.46256600343776066,-1.2335563611353098,0.6757737149030568
1,1,0.7725268621101185,High Risk,0,2.273158691738958,0,0,0.3920903288424788,1,2,1,0,2,2,0,2,2,0,0.8297975015331794,0,1.329048990213933,0.9012955019114449,2,0.6452787547805524,0.8106642156825693,0.6757737149030568
0,0,0.021464446690100378,Low Risk,0,-0.43991649313097614,1,0,1.5322605130033284,1,2,2,1,1,1,1,1,1,2,0.8297975015331794,0,-1.288281285047711,-0.12139232958747496,3,-0.5393149341429232,-1.2335563611353098,-1.4797852860309242
0,0,0.028249979422731306,Low Risk,1,-0.43991649313097614,1,0,1.5729808767233588,1,0,2,1,1,1,1,1,1,1,-1.2051132934870794,2,-1.4594463760648215,-0.3276516668964736,3,-0.6520977025273073,-1.2335563611353098,-1.4797852860309242
0,1,0.813737405012341,High Risk,1,-0.43991649313097614,0,0,-0.9516816739185228,1,2,1,0,0,0,0,0,0,0,0.8297975015331794,2,0.36853032411791364,-0.68750180782234,0,0.18506128749039885,-1.2335563611353098,0.6757737149030568
0,0,0.019127789447668346,Low Risk,1,-0.43991649313097614,1,1,1.6137012404433893,0,1,0,2,2,2,2,0,0,2,-1.2051132934870794,1,-0.6484894399837535,0.3787380006147921,3,-0.2976700444170128,0.8106642156825693,-1.4797852860309242
0,0,0.4856212977795748,Medium Risk,1,-0.43991649313097614,1,1,0.8400143297628127,1,2,1,0,2,2,0,2,2,1,0.8297975015331794,2,1.3456669602155942,1.4544034016280096,3,0.689848918486529,0.8106642156825693,0.6757737149030568
0,1,0.6921525956557231,Medium Risk,0,2.273158691738958,0,0,-0.5444780367182193,1,0,1,2,2,0,2,2,2,0,0.8297975015331794,3,1.3373579752147637,-0.12125988566368924,1,0.64228198899088,0.8106642156825693,0.6757737149030568
1,1,0.8594917161975336,High Risk,0,-0.43991649313097614,0,0,-0.9516816739185228,1,2,1,0,0,0,0,2,2,0,-1.2051132934870794,2,0.9850570111795457,-0.6289615935090412,0,0.40238350281063817,-1.2335563611353098,0.6757737149030568
0,0,0.06382600169143691,Low Risk,1,-0.43991649313097614,1,1,1.6137012404433893,1,0,1,2,2,0,2,2,2,2,-1.2051132934870794,0,1.3539759452164248,2.3529250545777947,3,0.7062872856500142,0.8106642156825693,0.6757737149030568
0,0,0.09618308173332177,Low Risk,1,-0.43991649313097614,1,1,-0.5037576729981889,0,1,0,2,0,2,2,0,0,2,0.8297975015331794,1,-0.84291968900319,-0.6430227234176277,1,-0.35841204609962696,0.8106642156825693,-1.4797852860309242
0,0,0.05312283400660478,Low Risk,0,-0.43991649313097614,1,1,0.43281069256250915,1,0,2,1,1,1,1,1,1,1,-1.2051132934870794,3,-1.4876969250676457,-0.6463117475249737,2,-0.6979163702615224,-1.2335563611353098,-1.4797852860309242
0,0,0.1216799774695041,Low Risk,0,-0.43991649313097614,0,0,0.7178532386027215,1,2,0,0,2,0,2,2,2,2,0.8297975015331794,3,0.4931650991303729,0.7691826879351653,3,0.2906228879095702,0.8106642156825693,0.6757737149030568
0,1,0.5223582695953592,Medium Risk,0,-0.43991649313097614,1,0,0.9214550572028734,1,2,1,2,0,0,0,2,0,0,0.8297975015331794,0,0.8321716871642622,1.1821428422991154,3,0.4489174290063909,0.8106642156825693,0.6757737149030568
1,1,0.9269583268927277,High Risk,1,-0.43991649313097614,1,0,-1.2367242199587352,1,0,1,0,0,0,2,2,2,0,0.8297975015331794,2,0.9784098231788811,-0.9334722482797644,0,-0.08752020907579898,0.8106642156825693,0.6757737149030568
0,0,0.06466851041460871,Low Risk,0,-0.43991649313097614,1,1,-0.9516816739185228,1,0,2,1,1,1,1,1,1,2,-1.2051132934870794,3,-1.4760643460664828,-0.9230533262752859,0,-0.6893902056024652,-1.2335563611353098,-1.4797852860309242
1,1,0.7975206014226763,High Risk,1,-0.43991649313097614,0,0,-0.9109613101984924,0,1,0,0,0,0,0,0,2,0,0.8297975015331794,3,-1.0257173590214634,-0.8756604755472871,0,-0.5579181619999839,-1.2335563611353098,-1.4797852860309242
0,0,0.02264365087678575,Low Risk,0,-0.43991649313097614,0,0,1.5729808767233588,1,0,0,2,2,2,2,2,0,2,-1.2051132934870794,1,0.4183842341228973,1.442836632284055,3,0.26077533481298354,0.8106642156825693,0.6757737149030568
1,1,0.5470013184364018,Medium Risk,0,-0.43991649313097614,1,0,-0.015113308357824713,1,0,1,0,2,0,0,0,2,0,-1.2051132934870794,0,0.6443886261454905,0.13422444331901087,2,0.2817110194534574,0.8106642156825693,0.6757737149030568
1,1,0.9392586820713765,High Risk,1,2.273158691738958,1,0,-1.1960038562387048,1,2,1,0,2,2,0,2,2,0,0.8297975015331794,2,1.3672703212177542,-0.8596789087438073,0,0.3685805564231575,0.8106642156825693,0.6757737149030568
1,1,0.6989463765237934,Medium Risk,1,2.273158691738958,1,0,-0.6666391278783103,1,0,1,0,2,0,0,0,0,0,0.8297975015331794,1,0.3170146171127639,-0.4872465950582952,1,0.13333374129659417,0.8106642156825693,0.6757737149030568
0,1,0.5743110225098815,Medium Risk,1,-0.43991649313097614,0,0,-0.30015585439803716,1,0,1,0,0,0,0,0,0,0,-1.2051132934870794,2,0.1657910900976468,-0.24394710706388348,2,0.08751969450207694,-1.2335563611353098,0.6757737149030568
1,0,0.3695642646410294,Medium Risk,1,-0.43991649313097614,0,0,0.22920887396235737,1,0,1,0,0,0,0,0,0,1,0.8297975015331794,0,0.18905624809997262,0.13936768235935731,2,0.08902204767485367,-1.2335563611353098,0.6757737149030568
0,0,0.02919291614946585,Low Risk,0,-0.43991649313097614,0,0,0.3106496014024181,1,0,2,1,1,1,1,1,1,2,-1.2051132934870794,3,-1.4827115340671475,-0.6520951321969513,2,-0.6808597710019172,-1.2335563611353098,-1.4797852860309242
0,0,0.027250021452013596,Low Risk,0,-0.43991649313097614,1,1,1.1657772395230555,1,2,2,1,1,1,1,1,1,2,0.8297975015331794,3,-1.3481059770536914,-0.3693935768762806,3,-0.6205604016503854,-1.2335563611353098,-1.4797852860309242
0,0,0.07950278856607094,Low Risk,0,-0.43991649313097614,1,1,-0.30015585439803716,1,0,2,1,1,1,1,1,1,1,-1.2051132934870794,3,-1.4860351280674797,-0.7778064898569199,2,-0.6747406862729538,-1.2335563611353098,-1.4797852860309242
1,0,0.14477920040680717,Low Risk,0,-0.43991649313097614,0,1,0.6364125111626608,1,0,1,0,2,2,2,2,0,2,0.8297975015331794,3,1.0216165451832002,1.0356819365793801,2,0.5453133142147714,0.8106642156825693,0.6757737149030568
1,1,0.8052167908466601,High Risk,0,-0.43991649313097614,0,0,-1.1960038562387048,1,0,1,0,0,0,0,0,0,0,0.8297975015331794,0,0.15914390209698223,-0.9092791582015683,0,-0.09175411347180665,-1.2335563611353098,0.6757737149030568
0,1,0.5021935186459384,Medium Risk,0,-0.43991649313097614,0,0,1.247217966963116,1,2,1,2,2,2,0,2,2,0,-1.2051132934870794,1,1.4453747802255617,1.9858567198056054,3,0.7336779857006669,0.8106642156825693,0.6757737149030568
1,1,0.713883785002274,High Risk,0,2.273158691738958,0,0,0.18848851024232702,1,2,1,0,0,0,0,0,0,0,0.8297975015331794,2,0.3818247001192428,0.24706666638446492,2,0.2229637172005336,-1.2335563611353098,0.6757737149030568
0,1,0.6542387616448587,Medium Risk,1,-0.43991649313097614,0,0,-1.2774445836787656,1,0,0,2,0,0,0,0,0,0,0.8297975015331794,1,-0.4972659129686364,-0.9854344143783712,0,-0.5944961161074286,0.8106642156825693,0.6757737149030568
1,1,0.662953596117537,Medium Risk,1,-0.43991649313097614,1,1,-0.62591876415828,1,0,1,0,0,0,0,2,0,0,-1.2051132934870794,2,0.534710024134526,-0.3889732036092732,1,0.2729079748294999,-1.2335563611353098,0.6757737149030568
1,1,0.760872224676794,High Risk,1,-0.43991649313097614,0,0,-1.1960038562387048,1,0,0,0,0,0,2,2,2,0,0.8297975015331794,2,0.15249671409631763,-0.9229429563387977,0,-0.21856637901029488,0.8106642156825693,0.6757737149030568
0,1,0.6704429806554043,Medium Risk,0,-0.43991649313097614,1,0,-0.46303730927815856,1,0,1,0,0,0,2,2,0,0,0.8297975015331794,2,0.7075369121518029,-0.2044125958138388,1,0.3524333638512868,0.8106642156825693,0.6757737149030568
0,0,0.022459248957806727,Low Risk,0,-0.43991649313097614,1,1,1.4100994218432374,0,1,0,2,2,0,0,0,0,2,-1.2051132934870794,0,-0.950936494013988,0.06734026180721014,3,-0.4158406151468578,0.8106642156825693,-1.4797852860309242
0,0,0.07483170564226588,Low Risk,0,-0.43991649313097614,1,1,0.06632741908223598,1,0,2,1,1,1,1,1,1,1,0.8297975015331794,0,-1.4843733310673135,-0.7062867710126182,2,-0.6831856821096983,-1.2335563611353098,-1.4797852860309242
1,1,0.8064801724329805,High Risk,1,-0.43991649313097614,0,0,-0.5851984004382496,1,2,1,0,0,2,0,0,2,0,0.8297975015331794,1,0.8620840331672525,-0.30226658150420604,1,0.37519019155410666,0.8106642156825693,0.6757737149030568
0,0,0.03728416418195423,Low Risk,1,-0.43991649313097614,1,1,1.6137012404433893,1,2,0,2,2,2,2,2,2,2,-1.2051132934870794,1,0.7956121531606076,1.8627942406213516,3,0.4570351074557025,0.8106642156825693,0.6757737149030568
1,1,0.698251753489729,Medium Risk,1,-0.43991649313097614,1,1,-0.5851984004382496,1,0,1,0,0,2,0,2,2,0,-1.2051132934870794,3,1.0099839661820376,-0.22160823191868792,1,0.5327863205491363,0.8106642156825693,0.6757737149030568
1,1,0.8715599627267201,High Risk,1,-0.43991649313097614,0,0,-1.1960038562387048,1,2,1,0,0,0,0,0,0,0,-1.2051132934870794,3,0.3402797751150897,-0.9151066908481412,0,-0.1458388276917758,-1.2335563611353098,0.6757737149030568
1,1,0.8045624663941777,High Risk,0,-0.43991649313097614,0,0,-1.2774445836787656,1,2,0,0,0,0,0,0,0,0,0.8297975015331794,0,-0.4922805219681379,-0.9853681924164784,0,-0.5932669180569747,-1.2335563611353098,0.6757737149030568
1,1,0.7505000480394202,High Risk,1,-0.43991649313097614,0,0,-0.9109613101984924,1,2,0,0,0,0,0,2,2,0,0.8297975015331794,1,0.2455573461056209,-0.6567748175040475,0,0.18079261789700452,-1.2335563611353098,0.6757737149030568
0,0,0.36349523349473684,Medium Risk,0,-0.43991649313097614,0,0,-0.9109613101984924,1,0,2,1,1,1,1,1,1,0,0.8297975015331794,3,-1.4577845790646555,-0.8983746084765422,0,-0.6345754222373782,-1.2335563611353098,-1.4797852860309242
0,0,0.07120328295408222,Low Risk,0,-0.43991649313097614,1,1,-0.13727439951791576,1,0,2,1,1,1,1,1,1,1,-1.2051132934870794,2,-1.4876969250676457,-0.768998968925168,2,-0.7075550212369498,-1.2335563611353098,-1.4797852860309242
1,1,0.7576760989739716,High Risk,0,2.273158691738958,1,0,0.06632741908223598,1,2,1,0,2,2,0,0,2,0,0.8297975015331794,2,0.9800716201790471,0.4130630508625974,2,0.5040791548515197,0.8106642156825693,0.6757737149030568
1,1,0.9264790288837,High Risk,1,2.273158691738958,1,0,-1.0331224013585834,1,2,1,0,0,2,0,2,2,0,0.8297975015331794,2,1.2359883582046303,-0.6980090257760092,0,0.43321588724285554,0.8106642156825693,0.6757737149030568
0,0,0.04000535886532489,Low Risk,1,-0.43991649313097614,1,1,1.4915401492832983,1,2,0,2,0,2,2,2,2,2,-1.2051132934870794,0,0.7357874611546272,1.727149588677452,3,0.44765311101163835,0.8106642156825693,0.6757737149030568
0,0,0.14691400850778227,Low Risk,0,-0.43991649313097614,0,0,0.14776814652229667,1,2,0,2,0,0,0,0,0,1,-1.2051132934870794,3,-0.3427187919531868,-0.17147820676578385,2,-0.1638559919087884,0.8106642156825693,0.6757737149030568
0,0,0.06362150262848905,Low Risk,1,-0.43991649313097614,1,0,1.6137012404433893,1,2,0,0,2,2,2,2,2,2,-1.2051132934870794,0,0.7042133181514708,1.708519143398257,3,0.378579717733128,0.8106642156825693,0.6757737149030568
0,0,0.08357524280441389,Low Risk,0,-0.43991649313097614,0,0,0.3920903288424788,1,0,2,1,1,1,1,1,1,1,0.8297975015331794,3,-1.4660935640654862,-0.5844383611297337,2,-0.6374132325356774,-1.2335563611353098,-1.4797852860309242
0,0,0.38981032009612654,Medium Risk,1,-0.43991649313097614,0,0,0.3920903288424788,1,2,1,2,2,2,0,0,2,1,0.8297975015331794,2,1.1379423351948288,0.890258508262633,2,0.6357500877227704,0.8106642156825693,0.6757737149030568
0,0,0.033465620382929,Low Risk,1,-0.43991649313097614,0,0,1.4100994218432374,0,1,0,2,0,0,2,2,0,2,-1.2051132934870794,2,-0.6933579589882389,0.3599309634372163,3,-0.2561051233942529,0.8106642156825693,-1.4797852860309242
0,1,0.856875602973307,High Risk,0,2.273158691738958,0,0,-0.46303730927815856,1,2,1,0,0,0,0,2,2,0,0.8297975015331794,0,1.0182929511828682,-0.11337947219843751,1,0.5060458717322457,-1.2335563611353098,0.6757737149030568
0,1,0.814694085719861,High Risk,0,-0.43991649313097614,0,0,-0.38159658183809786,1,2,1,0,0,0,0,2,2,0,0.8297975015331794,2,0.9551446651765553,0.026326793408224917,1,0.5964260728308938,-1.2335563611353098,0.6757737149030568
1,1,0.6067651052838362,Medium Risk,0,-0.43991649313097614,0,0,-0.7073594915983407,1,0,1,2,0,0,0,2,0,0,-1.2051132934870794,2,0.7125223031523015,-0.4466525324179646,1,0.29851626754728855,0.8106642156825693,0.6757737149030568
0,0,0.1689033487126619,Low Risk,0,2.273158691738958,1,0,0.06632741908223598,1,0,0,0,0,2,2,2,0,1,-1.2051132934870794,0,-0.018668376920792765,-0.077531316827096,2,-0.01628135317394061,0.8106642156825693,0.6757737149030568
1,1,0.92766245118502,High Risk,1,2.273158691738958,1,0,-1.0331224013585834,1,2,1,0,0,2,0,2,2,0,0.8297975015331794,2,1.1462513201956595,-0.713637408782727,0,0.36069320226607887,0.8106642156825693,0.6757737149030568
0,0,0.2709929748779888,Low Risk,1,-0.43991649313097614,0,1,-0.9516816739185228,1,0,2,1,1,1,1,1,1,0,-1.2051132934870794,3,-1.4744025490663168,-0.9261436844969533,0,-0.7008627207400344,-1.2335563611353098,-1.4797852860309242
0,0,0.21833135681273266,Low Risk,0,-0.43991649313097614,1,0,0.06632741908223598,1,2,2,1,1,1,1,1,1,0,-1.2051132934870794,2,-1.33148800705203,-0.6629776079346799,2,-0.6372487949670231,-1.2335563611353098,-1.4797852860309242
1,1,0.871295151344383,High Risk,1,-0.43991649313097614,0,0,-1.2774445836787656,0,1,0,0,0,0,0,0,2,0,0.8297975015331794,2,-0.9708780580159815,-0.991725500758194,0,-0.7112699309005437,-1.2335563611353098,-1.4797852860309242
0,0,0.2615113354193231,Low Risk,0,-0.43991649313097614,0,0,-0.30015585439803716,1,2,1,0,2,2,2,2,2,2,-1.2051132934870794,2,1.4669781412277214,0.23271857464100934,2,0.7681171996687511,0.8106642156825693,0.6757737149030568
0,0,0.16120073639186455,Low Risk,0,-0.43991649313097614,1,0,1.6137012404433893,1,2,1,2,2,2,2,2,2,2,0.8297975015331794,0,1.6863353452496495,2.662490652439674,3,0.8637144405318835,0.8106642156825693,0.6757737149030568
1,0,0.4137952784382043,Medium Risk,1,-0.43991649313097614,0,0,-1.2774445836787656,1,0,2,1,1,1,1,1,1,0,-1.2051132934870794,2,-1.4694171580658184,-0.9983476969474813,0,-0.834189735945928,-1.2335563611353098,-1.4797852860309242
0,1,0.6902770623845177,Medium Risk,0,-0.43991649313097614,1,0,1.125056875803025,1,2,1,0,2,0,0,2,2,0,0.8297975015331794,2,1.1645310871974868,1.6351672836082525,3,0.6056444984651943,0.8106642156825693,0.6757737149030568
0,0,0.21134932947843246,Low Risk,1,-0.43991649313097614,1,0,0.43281069256250915,1,0,1,2,0,2,2,0,0,1,0.8297975015331794,0,0.6477122201458225,0.5550870851355102,2,0.31572504025364234,0.8106642156825693,0.6757737149030568
0,0,0.22486403204951333,Low Risk,1,-0.43991649313097614,0,0,-1.1960038562387048,1,0,2,1,1,1,1,1,1,1,-1.2051132934870794,3,-1.4478137970636586,-0.9844410849499781,0,-0.7893240071043628,-1.2335563611353098,-1.4797852860309242
0,0,0.10177603916676822,Low Risk,1,2.273158691738958,1,0,1.6137012404433893,1,2,0,2,2,2,0,2,2,2,0.8297975015331794,1,0.642726829145324,1.6333572166498471,3,0.34035670986285094,0.8106642156825693,0.6757737149030568
1,1,0.6370053800095341,Medium Risk,1,-0.43991649313097614,0,0,-1.2367242199587352,1,0,0,0,0,0,0,0,0,0,-1.2051132934870794,2,-0.6451658459834212,-0.9679076684640578,0,-0.513642199899798,-1.2335563611353098,0.6757737149030568
0,1,0.5720549465671049,Medium Risk,1,-0.43991649313097614,0,0,-0.9109613101984924,1,0,1,2,0,2,0,2,2,1,0.8297975015331794,2,1.1346187411944968,-0.5372662502747112,0,0.5841185721489504,0.8106642156825693,0.6757737149030568
1,1,0.8734634831709419,High Risk,1,-0.43991649313097614,0,0,-1.0331224013585834,1,2,1,0,0,2,0,2,2,0,0.8297975015331794,0,1.1063681921916724,-0.6926450468626865,0,0.4581071477645458,0.8106642156825693,0.6757737149030568
0,0,0.16430148006959686,Low Risk,0,-0.43991649313097614,1,0,0.025607055362205634,1,0,0,0,0,0,2,0,0,1,0.8297975015331794,3,-0.4424266119631542,-0.2309013805709876,2,-0.1547324371156477,0.8106642156825693,0.6757737149030568
0,1,0.6293829613063178,Medium Risk,1,-0.43991649313097614,0,0,-0.055833672077855064,1,2,1,0,2,0,0,0,0,0,0.8297975015331794,2,0.544680806135523,0.15832923744801644,2,0.3498096778610188,0.8106642156825693,0.6757737149030568
0,1,0.7670667950478738,High Risk,1,2.273158691738958,0,0,0.22920887396235737,1,2,1,0,0,0,0,2,2,0,-1.2051132934870794,2,0.9966895901807084,0.6053054062376048,2,0.5325419185975842,-1.2335563611353098,0.6757737149030568
0,1,0.588868830967154,Medium Risk,0,-0.43991649313097614,0,0,-0.3408762181180675,1,2,1,2,0,0,2,0,0,0,0.8297975015331794,2,0.6510358141461546,-0.15181028408360087,1,0.2679420147056665,0.8106642156825693,0.6757737149030568
0,0,0.4404968725206442,Medium Risk,0,-0.43991649313097614,0,0,-0.1779947632379461,1,0,0,0,0,2,0,2,0,0,0.8297975015331794,0,-0.1732154979362424,-0.280545778003344,2,-0.07210107337776883,0.8106642156825693,0.6757737149030568
0,0,0.022660937316113794,Low Risk,1,-0.43991649313097614,1,1,1.6137012404433893,0,1,0,2,2,2,0,0,0,2,-1.2051132934870794,1,-0.8728320350061801,0.21238843233989754,3,-0.38226581161537054,0.8106642156825693,-1.4797852860309242
0,0,0.20531751129456763,Low Risk,0,-0.43991649313097614,1,0,-0.5037576729981889,1,0,2,1,1,1,1,1,1,0,-1.2051132934870794,0,-1.5126238800701375,-0.8417548310581366,1,-0.7097285555674349,-1.2335563611353098,-1.4797852860309242
0,0,0.09878634025229517,Low Risk,1,-0.43991649313097614,0,0,1.125056875803025,1,0,0,2,0,2,2,2,2,1,-1.2051132934870794,3,0.4732235351283796,1.1121683025656472,3,0.28735608961926085,0.8106642156825693,0.6757737149030568
1,1,0.9133862197686287,High Risk,0,2.273158691738958,0,0,-1.1552834925186746,1,2,1,0,0,2,0,2,0,0,0.8297975015331794,2,0.8122301231622688,-0.8545798176780561,0,0.13220577132088346,0.8106642156825693,0.6757737149030568
0,0,0.21595684755043718,Low Risk,0,-0.43991649313097614,1,0,0.5549717837226001,1,2,0,2,0,0,0,0,0,0,-1.2051132934870794,0,-0.3244390249513595,0.0847787117723331,2,-0.13990206263958388,0.8106642156825693,0.6757737149030568
0,0,0.027657320708114434,Low Risk,1,-0.43991649313097614,1,1,1.6137012404433893,1,2,0,2,2,2,2,2,0,2,-1.2051132934870794,0,0.5829021371393436,1.5598508389487593,3,0.30297561846548743,0.8106642156825693,0.6757737149030568
1,1,0.7389327635746025,High Risk,0,2.273158691738958,0,0,0.35136996512244845,1,2,1,2,2,2,0,2,2,0,0.8297975015331794,2,1.609892683242008,1.0628991629173503,2,0.827354339904847,0.8106642156825693,0.6757737149030568
0,0,0.449693577699199,Medium Risk,1,2.273158691738958,1,0,1.3286586944031769,1,2,1,2,0,0,0,2,2,1,0.8297975015331794,2,1.1961052302006432,1.939302680594916,3,0.6548781649725508,0.8106642156825693,0.6757737149030568
0,0,0.2658645668297458,Low Risk,1,-0.43991649313097614,1,1,0.43281069256250915,0,1,0,0,2,0,0,0,0,0,-1.2051132934870794,1,-1.1786026830367469,-0.46702682269367163,2,-0.546650513204157,0.8106642156825693,-1.4797852860309242
0,0,0.17701495890521007,Low Risk,0,-0.43991649313097614,0,1,-0.46303730927815856,1,0,0,2,0,2,0,0,2,1,-1.2051132934870794,3,0.0029349840813665527,-0.4172499813375295,1,-0.00671595743586363,0.8106642156825693,0.6757737149030568
0,0,0.014437129956194835,Low Risk,1,-0.43991649313097614,1,1,0.880734693482843,1,0,2,1,1,1,1,1,1,2,-1.2051132934870794,1,-1.4744025490663168,-0.52594229479103,3,-0.6776048036884169,-1.2335563611353098,-1.4797852860309242
1,1,0.5238530355483156,Medium Risk,0,2.273158691738958,1,0,1.1657772395230555,1,2,1,0,2,2,0,2,2,1,0.8297975015331794,1,1.3174164112127704,1.82025766709883,3,0.690531316767028,0.8106642156825693,0.6757737149030568
0,0,0.45544188493255183,Medium Risk,1,-0.43991649313097614,0,0,-0.5037576729981889,0,1,0,2,2,2,2,2,0,0,0.8297975015331794,1,-0.3244390249513595,-0.4928533878318917,1,-0.09294428936192865,0.8106642156825693,-1.4797852860309242
0,0,0.3477878808028188,Medium Risk,1,-0.43991649313097614,0,0,1.4915401492832983,1,2,1,0,2,0,2,2,2,1,0.8297975015331794,0,1.3440051632154282,2.2533713718655104,3,0.726727895057059,0.8106642156825693,0.6757737149030568
0,1,0.7290622975960683,High Risk,1,2.273158691738958,0,0,-1.2774445836787656,1,0,0,0,0,0,0,0,0,0,-1.2051132934870794,2,-0.6501512369839195,-0.9874652212097528,0,-0.6321915229880131,-1.2335563611353098,0.6757737149030568
0,0,0.3397908531776293,Medium Risk,1,2.273158691738958,1,0,0.025607055362205634,1,0,1,2,2,0,2,0,2,1,0.8297975015331794,2,0.9568064621767214,0.341521258030998,2,0.4702786186562948,0.8106642156825693,0.6757737149030568
0,0,0.035679136092561264,Low Risk,1,-0.43991649313097614,0,1,-0.5444780367182193,1,0,2,1,1,1,1,1,1,2,-1.2051132934870794,1,-1.4594463760648215,-0.8010283244940204,1,-0.61948980979999,-1.2335563611353098,-1.4797852860309242
1,1,0.8891906555447393,High Risk,1,-0.43991649313097614,0,0,-1.2367242199587352,1,0,1,0,0,0,0,2,0,0,-1.2051132934870794,2,0.4732235351283796,-0.944001540220731,0,-0.2178152024239064,-1.2335563611353098,0.6757737149030568
0,0,0.47122183579718335,Medium Risk,0,-0.43991649313097614,1,1,-0.7888002190384014,1,0,0,2,0,2,0,0,2,0,0.8297975015331794,3,-0.05356611392428149,-0.6468194492328191,1,-0.04639085208601012,0.8106642156825693,0.6757737149030568
0,1,0.7815145927851195,High Risk,1,-0.43991649313097614,0,0,-1.2774445836787656,1,0,0,0,0,0,0,0,0,0,0.8297975015331794,3,-0.6302096729819263,-0.9872003333621812,0,-0.6272747307861978,-1.2335563611353098,0.6757737149030568
0,0,0.10754085107615773,Low Risk,0,-0.43991649313097614,1,1,0.9214550572028734,1,0,0,2,2,0,0,0,0,0,-1.2051132934870794,2,-0.3011738669490337,0.37520616264717227,3,-0.08601785590302202,0.8106642156825693,0.6757737149030568
0,1,0.8458226422596993,High Risk,1,-0.43991649313097614,0,0,-0.4223169455581282,1,2,1,0,0,0,0,2,2,0,0.8297975015331794,2,1.0083221691818711,-0.0526760071299715,1,0.5384325681920296,-1.2335563611353098,0.6757737149030568
1,1,0.7935853345087817,High Risk,1,2.273158691738958,1,0,-0.21871512695797646,1,2,1,0,0,0,0,0,0,0,0.8297975015331794,2,0.356897745116751,-0.1712795408801052,2,0.10600043955001769,-1.2335563611353098,0.6757737149030568
1,1,0.6980954832823978,Medium Risk,1,2.273158691738958,1,0,-0.7888002190384014,1,0,1,0,2,0,2,0,2,0,0.8297975015331794,0,0.8072447321617703,-0.4911757647972723,1,0.3663270266639921,0.8106642156825693,0.6757737149030568
0,0,0.16323592100310497,Low Risk,1,-0.43991649313097614,1,1,-0.2594354906780068,1,0,0,0,0,2,0,0,0,1,-1.2051132934870794,3,-0.47898614596680894,-0.439765448381106,2,-0.22209463267363463,0.8106642156825693,0.6757737149030568
0,0,0.030060174552891495,Low Risk,1,-0.43991649313097614,1,1,0.10704778280226633,1,0,2,1,1,1,1,1,1,2,-1.2051132934870794,3,-1.4843733310673135,-0.7181184282041446,2,-0.7042589494275847,-1.2335563611353098,-1.4797852860309242
0,1,0.6654007683589985,Medium Risk,0,2.273158691738958,0,0,0.9621754209229036,1,2,1,0,2,2,0,2,2,0,-1.2051132934870794,2,1.329048990213933,1.5714176082927147,3,0.6769834719649499,0.8106642156825693,0.6757737149030568
1,1,0.974509018376726,High Risk,1,-0.43991649313097614,0,0,-1.2774445836787656,1,2,1,0,0,0,0,2,2,0,0.8297975015331794,2,1.0199547481830342,-0.9652808639756406,0,-0.2204101760859756,-1.2335563611353098,0.6757737149030568
0,1,0.9299682750084608,High Risk,1,2.273158691738958,1,0,-1.2774445836787656,1,2,1,0,0,0,0,0,0,0,-1.2051132934870794,2,0.3170146171127639,-0.9746181606025355,0,-0.3937271011999675,-1.2335563611353098,0.6757737149030568
1,1,0.7622356485026832,High Risk,1,-0.43991649313097614,0,0,-0.38159658183809786,1,2,1,0,0,0,2,2,0,0,0.8297975015331794,2,0.85876043916692,-0.14953666339194557,1,0.32439771538740003,0.8106642156825693,0.6757737149030568
1,1,0.8280995376872882,High Risk,0,-0.43991649313097614,0,0,-1.0331224013585834,1,2,1,0,0,0,0,0,0,0,-1.2051132934870794,3,0.35523594811658493,-0.79517871786015,0,-0.017694930931962644,-1.2335563611353098,0.6757737149030568
0,1,0.6827126644862247,Medium Risk,1,-0.43991649313097614,1,0,-0.4223169455581282,1,0,1,2,2,0,2,2,2,0,0.8297975015331794,2,1.3240635992134344,-0.04475144569012437,1,0.5512233537025495,0.8106642156825693,0.6757737149030568
0,0,0.051932660359922646,Low Risk,1,-0.43991649313097614,1,0,0.9621754209229036,1,2,0,0,2,2,0,0,0,2,-1.2051132934870794,1,-0.17487729493640844,0.48886512324263814,3,-0.028073028507066382,0.8106642156825693,0.6757737149030568
0,0,0.058936858475750184,Low Risk,1,-0.43991649313097614,1,0,1.5729808767233588,1,0,0,2,0,2,2,2,2,2,0.8297975015331794,2,0.5912111221401742,1.5675767345029277,3,0.32509198465663774,0.8106642156825693,0.6757737149030568
0,0,0.014256583872692508,Low Risk,1,-0.43991649313097614,1,1,1.0843365120829946,1,0,2,1,1,1,1,1,1,2,-1.2051132934870794,3,-1.4926823160681442,-0.4828317975987704,3,-0.6780132947577091,-1.2335563611353098,-1.4797852860309242
1,1,0.7269725143330765,High Risk,0,-0.43991649313097614,0,0,-0.5851984004382496,1,0,1,2,0,0,0,2,2,0,0.8297975015331794,2,1.0398963121850275,-0.23893631194732276,1,0.4989294619664604,0.8106642156825693,0.6757737149030568
0,0,0.030145306560200005,Low Risk,1,-0.43991649313097614,1,0,1.125056875803025,1,0,0,2,2,0,2,0,0,2,0.8297975015331794,3,-0.11339080593026184,0.6552809134794254,3,0.00930208690566901,0.8106642156825693,0.6757737149030568
0,1,0.5142171900178241,Medium Risk,0,-0.43991649313097614,0,0,-0.9924020376385531,1,0,0,0,0,0,0,0,0,0,-1.2051132934870794,3,-0.6750781919864114,-0.8443816355465539,0,-0.33008195769869075,-1.2335563611353098,0.6757737149030568
0,0,0.48021655533063284,Medium Risk,1,-0.43991649313097614,0,0,-1.2774445836787656,1,0,2,1,1,1,1,1,1,0,0.8297975015331794,1,-1.4960059100684764,-0.9987008807442433,0,-0.8407454588816818,-1.2335563611353098,-1.4797852860309242
1,1,0.9323242609557755,High Risk,0,2.273158691738958,1,0,-1.2774445836787656,1,0,1,0,0,0,0,0,0,0,0.8297975015331794,3,0.18905624809997262,-0.9763178576244527,0,-0.4252765178282828,-1.2335563611353098,0.6757737149030568
0,0,0.30570589064923276,Medium Risk,0,-0.43991649313097614,1,1,-0.1779947632379461,1,0,1,2,0,0,0,0,2,1,0.8297975015331794,0,0.6011819041411709,0.017166088679710957,2,0.3090068371158171,0.8106642156825693,0.6757737149030568
0,1,0.6995410304340073,Medium Risk,1,-0.43991649313097614,0,0,-0.5851984004382496,1,2,1,0,0,0,0,0,0,0,-1.2051132934870794,3,0.31202922611226586,-0.395087698090715,1,0.19382956691696954,-1.2335563611353098,0.6757737149030568
1,1,0.7907432248059368,High Risk,1,-0.43991649313097614,0,0,-0.3408762181180675,1,0,1,0,0,0,0,2,2,0,0.8297975015331794,2,0.8504514541660894,-0.01916769441217823,1,0.46490871031039055,-1.2335563611353098,0.6757737149030568
0,0,0.055798720224351686,Low Risk,0,-0.43991649313097614,1,1,1.4508197855632678,0,1,0,0,2,2,2,2,2,2,-1.2051132934870794,1,-0.14828854293375057,0.8066201703919357,3,-0.026594740488086833,0.8106642156825693,-1.4797852860309242
0,0,0.250132153803104,Low Risk,1,-0.43991649313097614,1,1,1.5729808767233588,1,0,1,2,2,2,0,2,2,1,0.8297975015331794,0,1.325725396213601,2.2102608746732506,3,0.6564632924248196,0.8106642156825693,0.6757737149030568
0,0,0.014524516106484264,Low Risk,1,-0.43991649313097614,1,1,1.2879383306831464,1,0,2,1,1,1,1,1,1,2,0.8297975015331794,0,-1.4976677070686424,-0.44495283539604763,3,-0.6813468378466749,-1.2335563611353098,-1.4797852860309242
0,0,0.23414167662799393,Low Risk,0,-0.43991649313097614,1,0,1.6137012404433893,1,2,1,2,2,2,0,2,2,2,0.8297975015331794,2,1.5284646302338678,2.4147984409730343,3,0.7377525106310382,0.8106642156825693,0.6757737149030568
0,0,0.15275970205774164,Low Risk,0,2.273158691738958,0,0,1.4915401492832983,1,2,1,2,0,2,2,2,2,2,-1.2051132934870794,1,1.5118466602322065,2.289351971160637,3,0.7458097314593425,0.8106642156825693,0.6757737149030568
0,0,0.3581168173902889,Medium Risk,0,-0.43991649313097614,0,0,1.4100994218432374,0,1,0,0,0,2,2,2,2,0,0.8297975015331794,1,-0.3776165289566755,0.5727021269990141,3,-0.13994590762636475,0.8106642156825693,-1.4797852860309242
0,1,0.6926028240818365,Medium Risk,0,2.273158691738958,0,0,-0.5037576729981889,1,0,1,0,0,0,0,2,0,0,-1.2051132934870794,0,0.5297246331340278,-0.2947834998103115,1,0.25720155529592337,-1.2335563611353098,0.6757737149030568
0,0,0.05530740861640906,Low Risk,0,-0.43991649313097614,1,1,-0.30015585439803716,1,0,2,1,1,1,1,1,1,2,0.8297975015331794,3,-1.5309036470719648,-0.8380464011921358,2,-0.7607530319059932,-1.2335563611353098,-1.4797852860309242
0,0,0.15261833108190373,Low Risk,0,-0.43991649313097614,0,0,0.7178532386027215,1,0,1,0,0,2,2,0,2,2,0.8297975015331794,0,0.82884809316393,0.8929294607256455,3,0.38069980648269763,0.8106642156825693,0.6757737149030568
0,1,0.6662226894745897,Medium Risk,0,-0.43991649313097614,1,1,-1.0738427650786138,1,2,0,0,0,0,0,0,0,0,0.8297975015331794,1,-0.5255164619714603,-0.8867857651452896,0,-0.36282155021712803,-1.2335563611353098,0.6757737149030568
1,0,0.41031221090025055,Medium Risk,0,-0.43991649313097614,0,1,-1.2367242199587352,1,0,2,1,1,1,1,1,1,0,0.8297975015331794,2,-1.5009913010689746,-0.9915930568344085,0,-0.8067376461524588,-1.2335563611353098,-1.4797852860309242
0,0,0.11283987550286247,Low Risk,0,-0.43991649313097614,0,0,-0.5851984004382496,1,0,2,1,1,1,1,1,1,1,-1.2051132934870794,3,-1.4843733310673135,-0.8277157751368478,1,-0.651470523989868,-1.2335563611353098,-1.4797852860309242
0,1,0.7510319563704767,High Risk,0,2.273158691738958,0,0,-1.2367242199587352,1,2,0,0,2,0,0,0,0,0,0.8297975015331794,1,-0.2729233179462098,-0.955215125767924,0,-0.35657800456402916,0.8106642156825693,0.6757737149030568
1,1,0.806700227472702,High Risk,1,-0.43991649313097614,0,0,-1.1960038562387048,0,1,0,0,0,2,0,2,0,0,0.8297975015331794,3,-0.8179927340006982,-0.949696628943518,0,-0.46686438520197115,0.8106642156825693,-1.4797852860309242
0,1,0.6010461349134207,Medium Risk,0,-0.43991649313097614,0,1,-0.9516816739185228,1,0,0,0,0,0,2,2,2,0,0.8297975015331794,1,0.15415851109648415,-0.75513650490226,0,-0.06602290094897285,0.8106642156825693,0.6757737149030568
1,1,0.9116384593185367,High Risk,1,-0.43991649313097614,0,0,-1.2774445836787656,1,0,1,0,0,0,0,0,0,0,0.8297975015331794,2,0.17077648109814536,-0.9765606714847264,0,-0.42978357734661354,-1.2335563611353098,0.6757737149030568
0,0,0.15087660031979094,Low Risk,0,-0.43991649313097614,0,0,1.5322605130033284,1,2,1,2,2,2,2,2,2,2,0.8297975015331794,0,1.624848856243503,2.4975979673264224,3,0.8300694028913179,0.8106642156825693,0.6757737149030568
1,1,0.6906433231640298,Medium Risk,0,-0.43991649313097614,0,0,0.5549717837226001,1,2,1,0,0,0,0,2,2,0,-1.2051132934870794,0,1.0398963121850275,0.9348700365911311,2,0.5315539107083304,-1.2335563611353098,0.6757737149030568
0,1,0.6262049752183553,Medium Risk,0,-0.43991649313097614,0,0,-0.7073594915983407,1,2,0,0,0,0,0,0,0,0,0.8297975015331794,3,-0.5305018529719588,-0.6895105406664239,1,-0.2649686054149274,-1.2335563611353098,0.6757737149030568
0,0,0.016693841213347462,Low Risk,0,-0.43991649313097614,0,0,0.8400143297628127,1,0,2,1,1,1,1,1,1,2,-1.2051132934870794,1,-1.4926823160681442,-0.5440429643750818,3,-0.6840302950911036,-1.2335563611353098,-1.4797852860309242
1,1,0.833488197965887,High Risk,0,-0.43991649313097614,0,0,-1.2774445836787656,1,0,0,0,0,0,0,0,2,0,0.8297975015331794,2,-0.3111446489500306,-0.9829621278010373,0,-0.5486060555571518,-1.2335563611353098,0.6757737149030568
0,0,0.1519107522374206,Low Risk,0,-0.43991649313097614,0,0,-0.13727439951791576,1,0,2,1,1,1,1,1,1,0,-1.2051132934870794,1,-1.5093002860698053,-0.7418258905617928,2,-0.6739296256789791,-1.2335563611353098,-1.4797852860309242
1,1,0.9416109665507097,High Risk,0,-0.43991649313097614,0,0,-1.2774445836787656,1,2,1,0,0,0,0,0,0,0,0.8297975015331794,2,0.4117370461222332,-0.9733599433265709,0,-0.3703723382413444,-1.2335563611353098,0.6757737149030568
0,0,0.0587558443107649,Low Risk,1,-0.43991649313097614,0,0,1.4915401492832983,0,1,0,2,2,0,2,2,2,2,0.8297975015331794,0,-0.15659752793458118,0.8365083491929185,3,-0.02468672650942511,0.8106642156825693,-1.4797852860309242
0,0,0.06762967784088304,Low Risk,1,2.273158691738958,1,0,1.247217966963116,0,1,0,2,0,0,2,0,0,1,-1.2051132934870794,0,-0.952598291014154,0.007497682243351603,3,-0.41388082756886696,0.8106642156825693,-1.4797852860309242
0,0,0.06416936543977378,Low Risk,1,2.273158691738958,0,0,0.758573602322752,1,2,2,1,1,1,1,1,1,1,-1.2051132934870794,0,-1.3215172250510334,-0.45084659000451316,3,-0.6052437195742172,-1.2335563611353098,-1.4797852860309242
0,0,0.35316852499003876,Medium Risk,1,-0.43991649313097614,1,0,1.2879383306831464,1,0,1,2,0,0,0,0,0,0,0.8297975015331794,3,0.2920876621102721,1.09578940399081,3,0.19862028752386648,0.8106642156825693,0.6757737149030568
0,0,0.2706324641101985,Low Risk,0,-0.43991649313097614,1,1,0.7992939660427822,1,0,1,2,0,2,2,0,0,0,0.8297975015331794,0,0.641065032145158,0.9027744590603859,3,0.33539607446357833,0.8106642156825693,0.6757737149030568
0,0,0.039766016357316254,Low Risk,1,-0.43991649313097614,1,1,1.5322605130033284,0,1,0,2,0,2,2,2,2,2,-1.2051132934870794,0,-0.17487729493640844,0.8224251452970345,3,-0.04582365674146798,0.8106642156825693,-1.4797852860309242
0,0,0.3812524147265788,Medium Risk,1,-0.43991649313097614,1,1,-0.9516816739185228,1,0,0,0,2,0,2,0,0,0,-1.2051132934870794,3,-0.3310862129520241,-0.8075180767595218,0,-0.2604820325307709,0.8106642156825693,0.6757737149030568
1,1,0.8087069759392975,High Risk,0,-0.43991649313097614,0,0,-1.1960038562387048,1,0,1,0,2,0,0,2,0,0,-1.2051132934870794,2,0.6310942501441613,-0.8982642385400541,0,0.010474191057604597,0.8106642156825693,0.6757737149030568
0,0,0.05044605454118551,Low Risk,1,-0.43991649313097614,1,0,1.5322605130033284,1,2,0,2,0,2,2,0,2,2,0.8297975015331794,1,0.33363258711442517,1.3393979278073886,3,0.224484496701058,0.8106642156825693,0.6757737149030568
0,1,0.8199412109533785,High Risk,1,-0.43991649313097614,0,0,-0.46303730927815856,1,2,1,0,0,0,0,0,2,0,0.8297975015331794,2,0.642726829145324,-0.24037112112166834,1,0.29175567826979254,-1.2335563611353098,0.6757737149030568
1,1,0.8307470062819862,High Risk,0,2.273158691738958,0,0,-1.1145631287986442,1,0,1,0,0,2,0,0,0,0,0.8297975015331794,1,0.358559542116917,-0.8530567125545201,0,-0.047502983655468366,0.8106642156825693,0.6757737149030568
0,1,0.6026325046175667,Medium Risk,1,-0.43991649313097614,0,0,-0.5037576729981889,1,0,1,2,2,2,2,2,2,0,0.8297975015331794,0,1.4437129832253957,-0.034531189571324616,1,0.7172728256086472,0.8106642156825693,0.6757737149030568
0,0,0.21526070604508707,Low Risk,0,2.273158691738958,1,0,1.6137012404433893,1,2,1,2,0,2,2,2,2,2,0.8297975015331794,3,1.4952286902305454,2.557683360750555,3,0.8104155150199672,0.8106642156825693,0.6757737149030568
0,0,0.008556483874605798,Low Risk,1,-0.43991649313097614,1,1,1.6137012404433893,1,0,2,1,1,1,1,1,1,2,-1.2051132934870794,0,-1.477726143066649,-0.38884075968548737,3,-0.6880161979186703,-1.2335563611353098,-1.4797852860309242
1,1,0.8881058351108779,High Risk,0,2.273158691738958,0,0,-1.2367242199587352,1,0,1,0,0,0,0,0,0,0,0.8297975015331794,2,0.19570343610063723,-0.9445754638904693,0,-0.22491723560430643,-1.2335563611353098,0.6757737149030568
0,1,0.6054540398502289,Medium Risk,0,-0.43991649313097614,1,1,-0.38159658183809786,1,0,1,0,0,2,0,0,0,0,0.8297975015331794,1,0.3502505571160864,-0.2556242463443265,1,0.16029977565181192,0.8106642156825693,0.6757737149030568
1,0,0.30880120729298066,Medium Risk,0,-0.43991649313097614,0,0,-1.1552834925186746,1,0,2,1,1,1,1,1,1,0,-1.2051132934870794,0,-1.4561227820644893,-0.9696735874478677,0,-0.7223327133546282,-1.2335563611353098,-1.4797852860309242
1,1,0.6091043776026445,Medium Risk,1,-0.43991649313097614,0,0,-0.015113308357824713,1,2,1,0,2,0,0,0,0,0,0.8297975015331794,0,0.5180920541328647,0.13872753672772628,2,0.28677680535835814,0.8106642156825693,0.6757737149030568
0,0,0.24787450616662987,Low Risk,0,-0.43991649313097614,0,0,0.14776814652229667,1,2,0,2,0,2,2,2,2,1,0.8297975015331794,1,0.827186296163764,0.47069823169669356,2,0.4804652636552333,0.8106642156825693,0.6757737149030568
0,0,0.41750431436888674,Medium Risk,1,-0.43991649313097614,0,0,-0.3408762181180675,1,0,0,0,2,0,0,0,0,0,0.8297975015331794,3,-0.5005895069689685,-0.469587405220196,1,-0.20393892220989418,0.8106642156825693,0.6757737149030568
0,0,0.4777550405236297,Medium Risk,1,-0.43991649313097614,0,0,-1.0738427650786138,1,0,0,0,0,0,2,0,0,0,0.8297975015331794,1,-0.5072366949696331,-0.8693693891674642,0,-0.27045609671159637,0.8106642156825693,0.6757737149030568
0,0,0.07681856728222772,Low Risk,1,-0.43991649313097614,1,1,-0.38159658183809786,1,2,0,0,2,0,2,0,0,2,-1.2051132934870794,3,-0.16823010693574386,-0.3830794490008075,1,-0.0368499338848683,0.8106642156825693,0.6757737149030568
0,0,0.016039534746728274,Low Risk,0,-0.43991649313097614,1,1,0.6364125111626608,1,0,2,1,1,1,1,1,1,2,-1.2051132934870794,0,-1.4660935640654862,-0.5407760142550334,2,-0.64904909625138,-1.2335563611353098,-1.4797852860309242
0,0,0.3853681616288833,Medium Risk,0,-0.43991649313097614,0,0,-0.1779947632379461,1,2,0,0,0,0,2,0,0,0,0.8297975015331794,1,-0.32776261895169184,-0.3429268661064294,2,-0.1519565605175977,0.8106642156825693,0.6757737149030568
1,1,0.5371860952258057,Medium Risk,1,2.273158691738958,0,0,0.7992939660427822,0,1,0,0,2,0,0,2,2,0,0.8297975015331794,2,-0.518869273970796,0.11875057822337658,3,-0.2137694142913853,0.8106642156825693,-1.4797852860309242
0,1,0.8958028583307127,High Risk,0,-0.43991649313097614,0,0,-1.1960038562387048,1,2,1,0,0,0,0,0,0,0,0.8297975015331794,2,0.3386179781149237,-0.913649807686498,0,-0.13231764913678348,-1.2335563611353098,0.6757737149030568
1,1,0.843507608199188,High Risk,0,-0.43991649313097614,0,0,-1.2367242199587352,1,0,1,0,0,0,0,0,2,0,-1.2051132934870794,2,0.5247392421335293,-0.9261436844969533,0,0.003167291535462315,-1.2335563611353098,0.6757737149030568
0,0,0.20691989105355837,Low Risk,1,-0.43991649313097614,0,0,-1.1552834925186746,1,0,2,1,1,1,1,1,1,1,-1.2051132934870794,3,-1.4893587220678117,-0.9773111870528457,0,-0.7790397167488988,-1.2335563611353098,-1.4797852860309242
1,1,0.8382216457032845,High Risk,1,-0.43991649313097614,0,0,-1.1145631287986442,1,0,1,0,0,0,0,0,0,0,0.8297975015331794,2,0.16412929309748078,-0.8675151742344638,0,-0.13696128621627587,-1.2335563611353098,0.6757737149030568
1,1,0.9217604202565121,High Risk,0,2.273158691738958,0,0,-1.2774445836787656,1,0,1,0,0,0,0,0,0,0,0.8297975015331794,2,0.16080569909714826,-0.9766931154085122,0,-0.4322419734475213,-1.2335563611353098,0.6757737149030568
0,0,0.01688159375580352,Low Risk,1,-0.43991649313097614,1,1,1.369379058123207,1,0,2,1,1,1,1,1,1,2,0.8297975015331794,3,-1.4960059100684764,-0.4138505872936954,3,-0.6737029476968723,-1.2335563611353098,-1.4797852860309242
0,1,0.6522458110179452,Medium Risk,0,-0.43991649313097614,1,0,0.7992939660427822,1,2,1,0,2,0,2,2,2,0,0.8297975015331794,1,1.260915313207122,1.260946976951633,3,0.5862761696417425,0.8106642156825693,0.6757737149030568
1,1,0.7401943094855802,High Risk,0,-0.43991649313097614,0,0,-1.2774445836787656,0,1,0,0,0,0,0,0,0,0,-1.2051132934870794,2,-1.3348116010523623,-0.9965597039763738,0,-0.8010013885836741,-1.2335563611353098,-1.4797852860309242
0,0,0.2754688208190843,Low Risk,1,-0.43991649313097614,0,0,0.10704778280226633,1,0,1,2,0,0,2,0,2,1,0.8297975015331794,2,0.8122301231622688,0.4279629922884936,2,0.4775922131569254,0.8106642156825693,0.6757737149030568
0,1,0.6539333475573995,Medium Risk,1,-0.43991649313097614,1,0,-1.1960038562387048,1,0,0,0,0,2,2,0,0,0,0.8297975015331794,3,-0.29785027294870164,-0.9391894109898489,0,-0.3693480065326329,0.8106642156825693,0.6757737149030568
0,0,0.42006698263649545,Medium Risk,0,2.273158691738958,0,0,1.369379058123207,1,2,1,0,0,2,2,2,2,1,0.8297975015331794,1,1.2659007042076202,2.0726737118471603,3,0.7040384890531095,0.8106642156825693,0.6757737149030568
0,0,0.07571138028955765,Low Risk,0,-0.43991649313097614,0,0,1.0843365120829946,1,2,0,2,0,0,2,0,2,1,-1.2051132934870794,0,0.1308933530941583,0.7898218660584437,3,0.10941097636302274,0.8106642156825693,0.6757737149030568
0,0,0.02499023770170332,Low Risk,1,-0.43991649313097614,1,1,0.7992939660427822,1,2,2,1,1,1,1,1,1,2,-1.2051132934870794,3,-1.2965902700485417,-0.41325458963665956,3,-0.5864096937126191,-1.2335563611353098,-1.4797852860309242
0,1,0.8064569390307466,High Risk,0,-0.43991649313097614,0,0,-0.9924020376385531,1,2,1,0,0,0,0,0,0,0,0.8297975015331794,2,0.29042586511010604,-0.7283166103356469,0,0.1486679200262211,-1.2335563611353098,0.6757737149030568
0,1,0.5719119661446529,Medium Risk,0,-0.43991649313097614,0,0,-1.1145631287986442,1,2,0,2,0,0,0,0,0,0,0.8297975015331794,2,-0.3643221529553466,-0.882061931863598,0,-0.2269658990217295,0.8106642156825693,0.6757737149030568
1,1,0.8620956140862785,High Risk,1,-0.43991649313097614,0,0,-1.1552834925186746,0,1,0,0,0,0,0,2,2,0,0.8297975015331794,2,-0.6717545979860794,-0.9304701860072875,0,-0.4312586150071582,-1.2335563611353098,-1.4797852860309242
0,0,0.05632671687192885,Low Risk,1,-0.43991649313097614,1,1,0.7178532386027215,1,2,0,2,0,0,2,2,0,2,0.8297975015331794,1,0.19071804510013865,0.5318652504984097,3,0.11787637496278253,0.8106642156825693,0.6757737149030568
0,0,0.08654344417898148,Low Risk,1,-0.43991649313097614,1,1,1.2064976032430856,1,0,1,2,2,2,2,2,2,2,-1.2051132934870794,3,1.4420511862252297,2.0059661222337404,3,0.7730875222699958,0.8106642156825693,0.6757737149030568
0,0,0.027143247549437078,Low Risk,0,-0.43991649313097614,0,0,1.1657772395230555,1,0,2,1,1,1,1,1,1,1,-1.2051132934870794,0,-1.505976692069473,-0.4174486472232081,3,-0.6493342097776759,-1.2335563611353098,-1.4797852860309242
0,1,0.5138714715580637,Medium Risk,1,-0.43991649313097614,1,1,0.9214550572028734,1,2,1,0,0,0,0,0,2,0,-1.2051132934870794,0,0.6892571451499756,1.0734505288456144,3,0.37686300995359634,-1.2335563611353098,0.6757737149030568
0,0,0.3235034931266756,Medium Risk,1,-0.43991649313097614,0,0,-1.1145631287986442,1,0,2,1,1,1,1,1,1,0,-1.2051132934870794,1,-1.4860351280674797,-0.9652367160010452,0,-0.7415901494784052,-1.2335563611353098,-1.4797852860309242
0,0,0.08198033594972387,Low Risk,0,-0.43991649313097614,1,1,0.10704778280226633,1,0,0,2,0,0,2,0,0,1,0.8297975015331794,0,-0.32610082195152557,-0.16154491248185304,2,-0.13031451157308097,0.8106642156825693,0.6757737149030568
0,1,0.7121149522928508,High Risk,1,-0.43991649313097614,0,1,-0.4223169455581282,1,2,1,0,2,0,0,2,0,0,0.8297975015331794,1,0.8089065291619363,-0.14679948896704018,1,0.3865108149417343,0.8106642156825693,0.6757737149030568
0,0,0.08152001780515991,Low Risk,1,-0.43991649313097614,0,0,1.002895784642934,0,1,0,0,0,2,2,2,2,2,-1.2051132934870794,1,-0.3792783259568415,0.35677438325365624,3,-0.12942126292594391,0.8106642156825693,-1.4797852860309242
1,1,0.6494151433347222,Medium Risk,1,2.273158691738958,1,0,1.002895784642934,1,2,1,0,2,2,0,0,2,0,0.8297975015331794,0,1.0133075601823696,1.388512549544602,3,0.5309547931454656,0.8106642156825693,0.6757737149030568
0,0,0.013289733365113689,Low Risk,0,-0.43991649313097614,1,0,1.2879383306831464,1,0,2,1,1,1,1,1,1,2,-1.2051132934870794,1,-1.505976692069473,-0.4663204551001476,3,-0.6935505682347705,-1.2335563611353098,-1.4797852860309242
0,0,0.31655523771891125,Medium Risk,0,-0.43991649313097614,0,0,-0.2594354906780068,1,0,1,2,0,2,2,0,2,1,0.8297975015331794,0,1.0332491241843629,0.08539678341666662,2,0.49997575790284404,0.8106642156825693,0.6757737149030568
0,0,0.37953359921146756,Medium Risk,0,2.273158691738958,1,0,0.26992923768238775,1,0,1,2,2,0,0,2,2,1,-1.2051132934870794,3,1.141265929195161,0.7046162750896151,2,0.5863329910610557,0.8106642156825693,0.6757737149030568
0,1,0.5463446271068769,Medium Risk,0,-0.43991649313097614,1,0,-0.5444780367182193,1,0,0,0,2,0,0,0,2,0,0.8297975015331794,3,-0.16490651293541178,-0.5081727350164428,1,-0.07589745862095217,0.8106642156825693,0.6757737149030568
1,1,0.6415941695256226,Medium Risk,1,-0.43991649313097614,1,0,-0.055833672077855064,1,2,1,0,2,2,0,2,0,0,-1.2051132934870794,2,0.9651154471775519,0.32562798717670866,2,0.543894928369137,0.8106642156825693,0.6757737149030568
0,0,0.29752745877404446,Low Risk,0,-0.43991649313097614,1,1,-1.0738427650786138,1,0,2,1,1,1,1,1,1,0,-1.2051132934870794,3,-1.4926823160681442,-0.9547515720346739,0,-0.7232692452025932,-1.2335563611353098,-1.4797852860309242
0,0,0.25378835063994615,Low Risk,1,-0.43991649313097614,0,0,0.7992939660427822,1,2,1,0,0,2,0,0,2,2,0.8297975015331794,1,0.8205391081630994,1.0135638013071606,3,0.41299789855449437,0.8106642156825693,0.6757737149030568
0,0,0.2523391382375502,Low Risk,1,-0.43991649313097614,1,1,0.8400143297628127,1,2,0,2,0,2,2,2,2,0,-1.2051132934870794,2,0.6959043331506402,1.0304945495644384,3,0.39842275353695367,0.8106642156825693,0.6757737149030568
1,0,0.4797276537135936,Medium Risk,0,2.273158691738958,0,0,0.9621754209229036,1,2,1,0,2,2,2,2,2,1,0.8297975015331794,2,1.5683477582378549,1.8263942355675693,3,0.8430474097519947,0.8106642156825693,0.6757737149030568
0,0,0.04735659259880754,Low Risk,1,-0.43991649313097614,1,1,0.9621754209229036,1,2,0,2,2,0,2,0,2,2,0.8297975015331794,1,0.36853032411791364,0.873813387725903,3,0.22264024402936136,0.8106642156825693,0.6757737149030568
1,1,0.711798961133057,High Risk,1,-0.43991649313097614,1,1,0.6771328748826912,1,2,1,0,0,2,0,2,2,0,0.8297975015331794,2,1.1645310871974868,1.1436678824393565,3,0.594531742057583,0.8106642156825693,0.6757737149030568
0,0,0.03413685101793623,Low Risk,1,-0.43991649313097614,0,1,0.26992923768238775,1,2,2,1,1,1,1,1,1,2,-1.2051132934870794,3,-1.3215172250510334,-0.5640199228794315,2,-0.5910748482003321,-1.2335563611353098,-1.4797852860309242
1,1,0.6368681993308376,Medium Risk,0,-0.43991649313097614,1,1,1.1657772395230555,1,2,1,0,2,0,0,2,2,0,0.8297975015331794,2,1.1429277261953275,1.645895241434898,3,0.5861287855784805,0.8106642156825693,0.6757737149030568
0,0,0.18601952593441767,Low Risk,0,-0.43991649313097614,1,0,0.43281069256250915,0,1,0,2,0,0,2,0,0,0,-1.2051132934870794,0,-1.0223937650211312,-0.342838570157239,2,-0.4418706915094097,0.8106642156825693,-1.4797852860309242
0,0,0.17021540793049203,Low Risk,0,-0.43991649313097614,0,0,-1.1145631287986442,1,0,2,1,1,1,1,1,1,1,-1.2051132934870794,2,-1.502653098069141,-0.9634487230299378,0,-0.7305273670243205,-1.2335563611353098,-1.4797852860309242
0,0,0.24420376367389016,Low Risk,0,-0.43991649313097614,0,0,-0.8702409464784621,1,0,2,1,1,1,1,1,1,0,-1.2051132934870794,0,-1.477726143066649,-0.898683644298709,0,-0.6661993357172361,-1.2335563611353098,-1.4797852860309242
0,0,0.4518516166155877,Medium Risk,1,-0.43991649313097614,0,0,-1.2367242199587352,1,2,2,1,1,1,1,1,1,0,-1.2051132934870794,3,-1.3265026160515319,-0.980048361477751,0,-0.66387751717749,-1.2335563611353098,-1.4797852860309242
1,1,0.7511626813628652,High Risk,0,-0.43991649313097614,0,0,-0.7888002190384014,1,2,1,2,2,0,0,2,0,0,0.8297975015331794,2,1.0598378761870213,-0.4579985618889434,1,0.4543024871321886,0.8106642156825693,0.6757737149030568
0,0,0.028607519109393888,Low Risk,1,-0.43991649313097614,1,1,1.6137012404433893,1,2,0,2,2,2,2,0,2,2,-1.2051132934870794,1,0.5396954151350245,1.5310884334999555,3,0.2883487229427355,0.8106642156825693,0.6757737149030568
0,0,0.23133278370787355,Low Risk,0,2.273158691738958,0,0,0.5549717837226001,1,2,0,0,0,2,2,0,2,1,0.8297975015331794,1,0.14418772909548702,0.42975098525960104,2,0.13257888959435454,0.8106642156825693,0.6757737149030568
0,0,0.1803084146635714,Low Risk,1,-0.43991649313097614,1,0,1.5729808767233588,1,2,1,2,0,2,2,2,2,2,0.8297975015331794,1,1.4553455622265583,2.354889639447283,3,0.7310346408190194,0.8106642156825693,0.6757737149030568
1,1,0.5873606869261948,Medium Risk,0,-0.43991649313097614,0,0,0.14776814652229667,1,0,1,0,0,2,2,0,2,0,0.8297975015331794,2,0.7573908221567865,0.35149870028952396,2,0.36086761550296736,0.8106642156825693,0.6757737149030568
0,0,0.39041474820576677,Medium Risk,1,-0.43991649313097614,1,0,1.2879383306831464,1,2,1,2,0,2,2,2,2,1,0.8297975015331794,3,1.4536837652263923,2.030335804210318,3,0.732369598929655,0.8106642156825693,0.6757737149030568
1,1,0.8265152768760141,High Risk,0,-0.43991649313097614,0,0,-1.2774445836787656,1,0,1,2,0,0,0,0,0,0,-1.2051132934870794,3,0.3502505571160864,-0.9741766808565829,0,-0.3855324475302752,0.8106642156825693,0.6757737149030568
1,1,0.7484360431900317,High Risk,0,-0.43991649313097614,1,0,-0.7073594915983407,1,0,1,0,0,2,0,2,0,0,0.8297975015331794,2,0.6493740171459885,-0.4297880061225799,1,0.33764573882006926,0.8106642156825693,0.6757737149030568
0,0,0.08087250803014877,Low Risk,1,-0.43991649313097614,1,0,0.14776814652229667,1,0,2,1,1,1,1,1,1,1,-1.2051132934870794,3,-1.4876969250676457,-0.7130634851129887,2,-0.7072501210598703,-1.2335563611353098,-1.4797852860309242
0,0,0.18186458210056491,Low Risk,0,-0.43991649313097614,1,1,-1.0738427650786138,0,1,0,0,2,2,2,0,0,2,-1.2051132934870794,3,-0.8046983579993692,-0.9113982609821404,0,-0.4933506765272266,0.8106642156825693,-1.4797852860309242
0,0,0.42506065850228425,Medium Risk,1,-0.43991649313097614,1,0,-0.0965540357978854,1,0,0,0,0,2,0,0,0,0,0.8297975015331794,3,-0.4906187249679718,-0.3562816284214919,2,-0.22282892063686865,0.8106642156825693,0.6757737149030568
1,1,0.8831213284314372,High Risk,1,-0.43991649313097614,0,0,-1.2774445836787656,1,2,0,0,0,0,0,2,0,0,0.8297975015331794,2,-0.16324471593524553,-0.9809975429315488,0,-0.5121398467270211,-1.2335563611353098,0.6757737149030568
1,1,0.8112582007797761,High Risk,1,-0.43991649313097614,0,0,-0.7888002190384014,1,0,1,0,0,0,0,0,2,0,0.8297975015331794,2,0.534710024134526,-0.5620994859845382,1,0.17825972494455414,-1.2335563611353098,0.6757737149030568
0,0,0.031775287056465124,Low Risk,1,-0.43991649313097614,1,1,1.1657772395230555,1,0,2,1,1,1,1,1,1,1,-1.2051132934870794,3,-1.4744025490663168,-0.4659672713033856,3,-0.6783855787550688,-1.2335563611353098,-1.4797852860309242
0,0,0.12082090621061639,Low Risk,1,-0.43991649313097614,1,1,1.6137012404433893,1,2,1,2,2,0,2,2,2,2,0.8297975015331794,1,1.4270950132237343,2.4890111862676463,3,0.7754928197235114,0.8106642156825693,0.6757737149030568
0,0,0.026585976983718434,Low Risk,0,-0.43991649313097614,1,1,1.4100994218432374,1,2,0,2,2,0,2,2,0,2,-1.2051132934870794,1,0.3070438351117673,1.141879889468249,3,0.17078812895159945,0.8106642156825693,0.6757737149030568
0,0,0.1813547271199922,Low Risk,0,-0.43991649313097614,0,0,0.06632741908223598,1,0,0,2,0,2,2,2,2,1,0.8297975015331794,0,0.5047976781315361,0.19662760540939409,2,0.2745117856191401,0.8106642156825693,0.6757737149030568
0,0,0.010929250794252695,Low Risk,0,-0.43991649313097614,1,0,1.6137012404433893,1,0,2,1,1,1,1,1,1,2,-1.2051132934870794,1,-1.4710789550659844,-0.34420715736969165,3,-0.6653181298089199,-1.2335563611353098,-1.4797852860309242
0,0,0.03230899855970413,Low Risk,1,-0.43991649313097614,1,0,0.5549717837226001,1,0,0,2,2,2,2,0,0,2,-1.2051132934870794,3,0.0295237360840249,0.3378349021522948,2,0.05997774516754887,0.8106642156825693,0.6757737149030568
1,1,0.8044174979340535,High Risk,0,-0.43991649313097614,0,0,-1.0331224013585834,1,2,1,0,0,0,0,0,0,0,0.8297975015331794,0,0.3436033691154218,-0.7633038802023809,0,0.13021856780598326,-1.2335563611353098,0.6757737149030568
1,1,0.6481385885525868,Medium Risk,0,2.273158691738958,0,0,-1.0331224013585834,1,0,1,2,0,0,0,0,0,0,-1.2051132934870794,0,0.3884718881199074,-0.7850909056651358,0,0.0291170281561546,0.8106642156825693,0.6757737149030568
0,0,0.029758194095145598,Low Risk,1,-0.43991649313097614,1,0,1.6137012404433893,1,2,0,2,2,2,2,0,0,2,0.8297975015331794,0,0.10098100709116792,1.1137355556637782,3,0.07610719289770496,0.8106642156825693,0.6757737149030568
0,1,0.6078369222491761,Medium Risk,0,-0.43991649313097614,1,1,-0.015113308357824713,1,0,1,0,2,0,0,2,0,0,0.8297975015331794,2,0.7091987091519689,0.1950603523112627,2,0.3501487937373117,0.8106642156825693,0.6757737149030568
0,0,0.07630666865891128,Low Risk,1,-0.43991649313097614,0,0,0.26992923768238775,1,2,0,0,0,0,2,0,0,2,0.8297975015331794,1,-0.3626603559551803,-0.035855628809182055,2,-0.10089115231351363,0.8106642156825693,0.6757737149030568
0,0,0.29964368464917,Low Risk,1,-0.43991649313097614,1,1,0.5956921474426305,1,0,1,2,2,2,0,0,2,1,0.8297975015331794,2,1.0415581091851935,0.9313161246362136,2,0.496843958548987,0.8106642156825693,0.6757737149030568
1,1,0.6810364743261198,Medium Risk,0,2.273158691738958,1,0,0.7178532386027215,1,2,1,0,2,2,0,2,0,0,0.8297975015331794,2,1.0066603721817051,1.1508419283110842,3,0.5684377152605108,0.8106642156825693,0.6757737149030568
0,0,0.04472682892183463,Low Risk,1,-0.43991649313097614,1,1,1.0436161483629645,1,0,2,1,1,1,1,1,1,1,0.8297975015331794,2,-1.502653098069141,-0.5179073634146949,3,-0.6945820048257381,-1.2335563611353098,-1.4797852860309242
0,1,0.5485752905459644,Medium Risk,0,-0.43991649313097614,0,0,0.35136996512244845,1,2,1,2,0,0,0,0,0,0,0.8297975015331794,1,0.5496661971360212,0.4011872456964757,2,0.24247068977064304,0.8106642156825693,0.6757737149030568
0,1,0.9313775662504916,High Risk,0,2.273158691738958,1,0,-1.1552834925186746,1,2,1,0,0,0,0,2,0,0,0.8297975015331794,2,0.6144762801425001,-0.8714222699861434,0,0.007155356321379211,-1.2335563611353098,0.6757737149030568
0,0,0.1375352755087452,Low Risk,0,-0.43991649313097614,1,1,-0.015113308357824713,1,0,0,2,2,0,2,0,0,0,-1.2051132934870794,0,-0.11172900893009581,-0.18421489743651284,2,-0.07651950733133325,0.8106642156825693,0.6757737149030568
0,0,0.3981061564589728,Medium Risk,1,-0.43991649313097614,0,0,-1.2774445836787656,1,0,2,1,1,1,1,1,1,0,-1.2051132934870794,1,-1.462769970065154,-0.9982594009982908,0,-0.8325508052119895,-1.2335563611353098,-1.4797852860309242
0,0,0.056268345936287247,Low Risk,1,-0.43991649313097614,0,0,-0.5444780367182193,1,0,2,1,1,1,1,1,1,2,-1.2051132934870794,3,-1.4993295040688086,-0.849304134713924,1,-0.7090983476780752,-1.2335563611353098,-1.4797852860309242
0,0,0.49680542567267205,Medium Risk,0,2.273158691738958,1,0,1.2064976032430856,1,2,1,2,0,2,0,2,2,1,0.8297975015331794,2,1.332372584214265,1.7795973824966063,3,0.6396967708688935,0.8106642156825693,0.6757737149030568
0,1,0.6080077337710946,Medium Risk,0,-0.43991649313097614,0,0,-1.2774445836787656,1,0,0,0,0,2,2,2,2,1,-1.2051132934870794,1,0.31036742911209936,-0.974706456551726,0,-0.395366031933906,0.8106642156825693,0.6757737149030568
1,0,0.4814564543145841,Medium Risk,0,-0.43991649313097614,0,0,-0.8295205827584317,1,2,0,2,0,2,2,0,0,0,0.8297975015331794,3,-0.10342002392926519,-0.6923139370532222,0,-0.10275386012843211,0.8106642156825693,0.6757737149030568
1,0,0.385534187632038,Medium Risk,0,-0.43991649313097614,1,0,0.6364125111626608,0,1,0,2,0,2,0,0,2,0,0.8297975015331794,0,-0.6468276429835875,-0.060446050658735116,2,-0.285139578185045,0.8106642156825693,-1.4797852860309242
0,1,0.519990090797004,Medium Risk,0,-0.43991649313097614,0,1,-1.1960038562387048,1,0,0,2,0,0,2,0,2,0,0.8297975015331794,0,-0.00869759491979612,-0.9291015987948348,0,-0.27572408835639856,0.8106642156825693,0.6757737149030568
0,1,0.5515320521329153,Medium Risk,0,-0.43991649313097614,1,0,0.3106496014024181,1,2,1,0,0,0,2,0,0,0,0.8297975015331794,1,0.46823814412788106,0.37302083790470736,2,0.2473346592920092,0.8106642156825693,0.6757737149030568
0,1,0.6012827930645372,Medium Risk,1,-0.43991649313097614,0,0,-0.5444780367182193,0,1,0,0,0,0,0,0,0,0,0.8297975015331794,0,-1.3165318340505352,-0.8006530667099608,1,-0.6187932642380662,-1.2335563611353098,-1.4797852860309242
1,1,0.9103100763061025,High Risk,0,-0.43991649313097614,0,0,-1.2774445836787656,1,0,1,0,0,0,0,0,0,0,0.8297975015331794,2,0.18240906009930805,-0.976406153573643,0,-0.42691544856222124,-1.2335563611353098,0.6757737149030568
0,0,0.02350303637948809,Low Risk,0,-0.43991649313097614,1,1,1.4100994218432374,1,2,2,1,1,1,1,1,1,2,0.8297975015331794,3,-1.3248408190513656,-0.2656237625901502,3,-0.597617315078679,-1.2335563611353098,-1.4797852860309242
0,1,0.6415220772525247,Medium Risk,0,-0.43991649313097614,1,1,-0.6666391278783103,1,0,1,2,0,2,0,2,2,0,-1.2051132934870794,0,1.1944434332004772,-0.3351788965649634,1,0.46541003029959527,0.8106642156825693,0.6757737149030568
0,1,0.5075188434613217,Medium Risk,0,-0.43991649313097614,0,0,-1.2774445836787656,1,0,2,1,1,1,1,1,1,0,0.8297975015331794,3,-1.502653098069141,-0.9987891766934337,0,-0.8423843896156203,-1.2335563611353098,-1.4797852860309242
0,0,0.08342447190349495,Low Risk,0,-0.43991649313097614,0,1,-0.46303730927815856,0,1,0,2,2,2,2,2,0,2,-1.2051132934870794,3,-0.3859255139575061,-0.4850612703158304,1,-0.12114312140538495,0.8106642156825693,-1.4797852860309242
0,1,0.5135833049209092,Medium Risk,0,2.273158691738958,1,1,-0.13727439951791576,0,1,0,0,2,2,0,0,0,0,0.8297975015331794,3,-0.9675544640156493,-0.5548371441636198,2,-0.4425399215591012,0.8106642156825693,-1.4797852860309242
0,0,0.31434864138253976,Medium Risk,1,2.273158691738958,1,1,-0.5037576729981889,1,0,1,2,0,2,2,0,2,1,-1.2051132934870794,1,0.9817334171792131,-0.20467748366141036,1,0.4164900137706086,0.8106642156825693,0.6757737149030568
1,1,0.7580603475064469,High Risk,0,-0.43991649313097614,1,0,-0.7888002190384014,1,2,1,0,2,2,0,2,0,0,-1.2051132934870794,2,0.9750862291785486,-0.4707573265469701,1,0.420470274124459,0.8106642156825693,0.6757737149030568
1,1,0.6336950445117315,Medium Risk,1,-0.43991649313097614,1,1,-0.9516816739185228,0,1,0,0,2,0,0,0,0,0,0.8297975015331794,2,-1.156999322034587,-0.8975137229719349,0,-0.5945780626441254,0.8106642156825693,-1.4797852860309242
0,0,0.0694192347096052,Low Risk,1,-0.43991649313097614,1,0,0.758573602322752,1,0,0,2,2,2,2,2,2,2,0.8297975015331794,1,0.6144762801425001,0.7979892413585646,3,0.28631884073893865,0.8106642156825693,0.6757737149030568
0,0,0.20005710364616966,Low Risk,1,-0.43991649313097614,1,1,1.125056875803025,1,0,0,2,2,0,2,2,2,0,0.8297975015331794,1,0.4748853321285456,1.0513765415479905,3,0.2503592433793713,0.8106642156825693,0.6757737149030568
1,1,0.707081820833226,High Risk,0,2.273158691738958,0,0,-0.5037576729981889,1,2,1,2,0,0,0,0,0,0,0.8297975015331794,2,0.47820892612887816,-0.33597356010767787,1,0.1843862041166575,0.8106642156825693,0.6757737149030568
1,1,0.7696981449209715,High Risk,1,-0.43991649313097614,0,0,-0.9516816739185228,0,1,0,0,0,0,0,2,0,0,0.8297975015331794,1,-0.9991286070188055,-0.8766979529502755,0,-0.5173024785389272,-1.2335563611353098,-1.4797852860309242
1,1,0.8264705993653167,High Risk,0,2.273158691738958,1,0,-0.9924020376385531,1,2,1,0,2,0,0,0,0,0,0.8297975015331794,1,0.5280628361338618,-0.7278309826150992,0,0.15067105758992339,0.8106642156825693,0.6757737149030568
0,0,0.07861290467599738,Low Risk,1,-0.43991649313097614,1,0,1.247217966963116,1,2,0,0,0,2,2,2,2,2,-1.2051132934870794,1,0.4998122871310375,1.2150110093852773,3,0.2865443907017225,0.8106642156825693,0.6757737149030568
0,0,0.38174674657952673,Medium Risk,0,-0.43991649313097614,1,1,-0.9109613101984924,1,0,0,0,2,2,0,0,2,1,0.8297975015331794,3,0.03783272108485552,-0.7160213994108704,0,-0.019156931643487356,0.8106642156825693,0.6757737149030568
0,1,0.601317575726951,Medium Risk,0,-0.43991649313097614,0,0,-1.1960038562387048,1,0,0,0,0,2,0,2,2,1,0.8297975015331794,2,0.1724382780983114,-0.9100958957315807,0,-0.0993341681162721,0.8106642156825693,0.6757737149030568
0,0,0.04238040337992913,Low Risk,1,-0.43991649313097614,1,1,0.47353105628253944,1,0,2,1,1,1,1,1,1,1,-1.2051132934870794,0,-1.4677553610656522,-0.5986098609748083,2,-0.6653343444965464,-1.2335563611353098,-1.4797852860309242
0,0,0.4243294204243485,Medium Risk,1,-0.43991649313097614,1,1,-0.9924020376385531,1,0,0,2,0,0,0,0,0,0,0.8297975015331794,1,-0.44741200296365274,-0.825707042292764,0,-0.25305221320358323,0.8106642156825693,0.6757737149030568
1,0,0.3600810311317715,Medium Risk,1,-0.43991649313097614,1,1,1.1657772395230555,1,2,1,2,2,0,0,2,2,1,0.8297975015331794,2,1.3705939152180862,1.8832568268462484,3,0.7282531580142889,0.8106642156825693,0.6757737149030568
0,1,0.7156296605107824,High Risk,0,-0.43991649313097614,1,1,0.43281069256250915,1,2,1,0,0,2,0,2,2,0,0.8297975015331794,0,1.1479131171958254,0.8511875507458384,2,0.565550231901943,0.8106642156825693,0.6757737149030568
0,0,0.27872892236258157,Low Risk,1,-0.43991649313097614,1,0,0.43281069256250915,1,0,0,0,0,0,0,2,0,1,0.8297975015331794,3,-0.27957050594687416,0.048224188807467885,2,-0.11192413602698113,-1.2335563611353098,0.6757737149030568
1,1,0.733323430298166,High Risk,0,-0.43991649313097614,0,0,-1.1145631287986442,1,2,0,0,0,0,0,0,0,0,0.8297975015331794,3,-0.47067716096597834,-0.8970722432259823,0,-0.3198386406115754,-1.2335563611353098,0.6757737149030568
0,0,0.1276121712524167,Low Risk,1,-0.43991649313097614,1,1,-0.13727439951791576,1,2,0,2,0,0,2,2,0,1,-1.2051132934870794,0,0.142525932095321,-0.14280409726617024,2,0.06733142976915292,0.8106642156825693,0.6757737149030568
0,1,0.7598709066907886,High Risk,1,2.273158691738958,1,0,0.880734693482843,1,2,1,0,0,2,0,2,2,0,0.8297975015331794,1,1.1396041321949948,1.3305241849137437,3,0.5754620379996936,0.8106642156825693,0.6757737149030568
0,1,0.5295949720336628,Medium Risk,1,-0.43991649313097614,1,0,0.7178532386027215,1,2,1,0,2,0,0,2,2,1,0.8297975015331794,2,1.113015380192337,1.13759753593251,3,0.5587969462373433,0.8106642156825693,0.6757737149030568
0,0,0.06625478581539897,Low Risk,0,-0.43991649313097614,0,0,1.4508197855632678,1,2,0,2,2,2,2,2,2,2,0.8297975015331794,2,0.7773323861587803,1.706996038274721,3,0.45782805448738956,0.8106642156825693,0.6757737149030568
1,1,0.908191068767018,High Risk,0,2.273158691738958,1,1,-1.2774445836787656,1,0,1,0,0,0,0,0,0,0,0.8297975015331794,2,0.14917312009598557,-0.9768476333195956,0,-0.43511010223191354,-1.2335563611353098,0.6757737149030568
0,0,0.09326089785714589,Low Risk,0,-0.43991649313097614,1,1,1.6137012404433893,1,0,1,2,2,2,2,2,2,2,0.8297975015331794,0,1.4470365772257276,2.3829898252771584,3,0.721576488798125,0.8106642156825693,0.6757737149030568
0,1,0.5561881434082213,Medium Risk,0,-0.43991649313097614,0,0,0.9214550572028734,1,2,1,0,0,0,0,0,0,0,0.8297975015331794,2,0.2771314891087769,0.8224692932716295,3,0.2104822738385941,-1.2335563611353098,0.6757737149030568
0,1,0.8468355465779053,High Risk,1,-0.43991649313097614,0,0,-1.1960038562387048,1,0,1,0,0,0,0,0,0,0,0.8297975015331794,3,0.18407085709947407,-0.9101179697188782,0,-0.09953903445801435,-1.2335563611353098,0.6757737149030568
0,0,0.4201384583923634,Medium Risk,1,-0.43991649313097614,0,0,-1.2774445836787656,1,0,2,1,1,1,1,1,1,0,-1.2051132934870794,3,-1.5192710680708021,-0.9990099165664099,0,-0.8464817164504664,-1.2335563611353098,-1.4797852860309242
0,0,0.0686629194001152,Low Risk,0,-0.43991649313097614,1,1,-1.0331224013585834,1,0,2,1,1,1,1,1,1,2,-1.2051132934870794,3,-1.4926823160681442,-0.9437808003477547,0,-0.7072750372365686,-1.2335563611353098,-1.4797852860309242
1,1,0.8901260044326192,High Risk,1,2.273158691738958,0,0,-0.9516816739185228,1,2,1,0,0,0,0,0,2,0,0.8297975015331794,1,0.6526976111463211,-0.6840361918166131,0,0.19792689375181569,-1.2335563611353098,0.6757737149030568
0,0,0.14379328464175486,Low Risk,1,-0.43991649313097614,0,0,0.18848851024232702,0,1,0,0,0,0,0,2,0,2,-1.2051132934870794,1,-0.9625690730151509,-0.42603542828198376,2,-0.4346141100361164,-1.2335563611353098,-1.4797852860309242
0,0,0.036966153718669,Low Risk,1,-0.43991649313097614,1,1,1.2064976032430856,1,0,0,2,2,2,2,2,2,2,-1.2051132934870794,2,0.7091987091519689,1.2950071393518667,3,0.3541456089470608,0.8106642156825693,0.6757737149030568
0,0,0.033022698533697645,Low Risk,0,-0.43991649313097614,1,1,0.9621754209229036,1,0,0,2,2,2,0,0,0,2,0.8297975015331794,1,-0.1150526029304281,0.4701243080269555,3,-0.040278749499292235,0.8106642156825693,0.6757737149030568
0,0,0.04053992822465463,Low Risk,0,-0.43991649313097614,1,1,-0.21871512695797646,1,2,2,1,1,1,1,1,1,2,-1.2051132934870794,2,-1.3381351950526947,-0.6710346132983126,2,-0.5565958428851018,-1.2335563611353098,-1.4797852860309242
0,0,0.13536053570055376,Low Risk,0,-0.43991649313097614,1,1,0.6771328748826912,1,0,0,2,2,2,2,2,2,1,0.8297975015331794,3,0.7457582431556239,0.9108093904367209,3,0.42164093893441523,0.8106642156825693,0.6757737149030568
0,0,0.04657285204054156,Low Risk,1,-0.43991649313097614,1,1,-0.1779947632379461,1,0,2,1,1,1,1,1,1,2,0.8297975015331794,1,-1.477726143066649,-0.7920000636892921,2,-0.7268256441597355,-1.2335563611353098,-1.4797852860309242
0,0,0.3165106156341422,Medium Risk,1,-0.43991649313097614,0,0,-1.1145631287986442,1,0,2,1,1,1,1,1,1,0,-1.2051132934870794,0,-1.4660935640654862,-0.9661196754929502,0,-0.7470532519248666,-1.2335563611353098,-1.4797852860309242
0,0,0.014660393253978379,Low Risk,0,-0.43991649313097614,0,0,0.9621754209229036,1,0,2,1,1,1,1,1,1,2,-1.2051132934870794,0,-1.4976677070686424,-0.543027560959391,3,-0.7001352655195319,-1.2335563611353098,-1.4797852860309242
0,0,0.02364011060329746,Low Risk,0,-0.43991649313097614,1,1,1.6137012404433893,1,2,0,2,2,2,2,0,0,2,0.8297975015331794,0,0.18905624809997262,1.2731318179399211,3,0.15716691090982562,0.8106642156825693,0.6757737149030568
